{
"type": "FeatureCollection",
"name": "INMET",
"crs": { "type": "name", "properties": { "name": "urn:ogc:def:crs:OGC:1.3:CRS84" } },
"features": [
{ "type": "Feature", "properties": { "Nome": "ACAJUTIBA", "UF": "BA", "Situação": "Operante", "Latitude": -11.654444, "Longitude": -38.015833, "Altitude": 182.0, "Data de Instalação": "08/05/2026", "Código": "A472" }, "geometry": { "type": "Point", "coordinates": [ -38.015833, -11.654444, 0.0 ] } },
{ "type": "Feature", "properties": { "Nome": "ACEGUA", "UF": "RS", "Situação": "Operante", "Latitude": -31.874722, "Longitude": -54.119722, "Altitude": 271.0, "Data de Instalação": "16/09/2025", "Código": "B828" }, "geometry": { "type": "Point", "coordinates": [ -54.119722, -31.874722, 0.0 ] } },
{ "type": "Feature", "properties": { "Nome": "AFONSO CLAUDIO", "UF": "ES", "Situação": "Operante", "Latitude": -20.104167, "Longitude": -41.106944, "Altitude": 507.48, "Data de Instalação": "23/09/2011", "Código": "A657" }, "geometry": { "type": "Point", "coordinates": [ -41.106944, -20.104167, 0.0 ] } },
{ "type": "Feature", "properties": { "Nome": "AGUA CLARA", "UF": "MS", "Situação": "Operante", "Latitude": -20.444444, "Longitude": -52.875833, "Altitude": 323.63, "Data de Instalação": "13/08/2010", "Código": "A756" }, "geometry": { "type": "Point", "coordinates": [ -52.875833, -20.444444, 0.0 ] } },
{ "type": "Feature", "properties": { "Nome": "AGUAS EMENDADAS", "UF": "DF", "Situação": "Operante", "Latitude": -15.596389, "Longitude": -47.625833, "Altitude": 1030.36, "Data de Instalação": "02/10/2008", "Código": "A045" }, "geometry": { "type": "Point", "coordinates": [ -47.625833, -15.596389, 0.0 ] } },
{ "type": "Feature", "properties": { "Nome": "AGUAS VERMELHAS", "UF": "MG", "Situação": "Operante", "Latitude": -15.751667, "Longitude": -41.457778, "Altitude": 754.07, "Data de Instalação": "08/09/2007", "Código": "A549" }, "geometry": { "type": "Point", "coordinates": [ -41.457778, -15.751667, 0.0 ] } },
{ "type": "Feature", "properties": { "Nome": "AIMORES", "UF": "MG", "Situação": "Operante", "Latitude": -19.532778, "Longitude": -41.090833, "Altitude": 301.0, "Data de Instalação": "04/08/2007", "Código": "A534" }, "geometry": { "type": "Point", "coordinates": [ -41.090833, -19.532778, 0.0 ] } },
{ "type": "Feature", "properties": { "Nome": "ALEGRE", "UF": "ES", "Situação": "Operante", "Latitude": -20.750556, "Longitude": -41.488889, "Altitude": 138.0, "Data de Instalação": "24/10/2006", "Código": "A617" }, "geometry": { "type": "Point", "coordinates": [ -41.488889, -20.750556, 0.0 ] } },
{ "type": "Feature", "properties": { "Nome": "ALEGRETE", "UF": "RS", "Situação": "Operante", "Latitude": -29.709167, "Longitude": -55.525556, "Altitude": 121.0, "Data de Instalação": "27/09/2006", "Código": "A826" }, "geometry": { "type": "Point", "coordinates": [ -55.525556, -29.709167, 0.0 ] } },
{ "type": "Feature", "properties": { "Nome": "ALMAS", "UF": "TO", "Situação": "Operante", "Latitude": -11.284167, "Longitude": -47.212222, "Altitude": 503.0, "Data de Instalação": "31/03/2016", "Código": "A053" }, "geometry": { "type": "Point", "coordinates": [ -47.212222, -11.284167, 0.0 ] } },
{ "type": "Feature", "properties": { "Nome": "ALMENARA", "UF": "MG", "Situação": "Operante", "Latitude": -16.166667, "Longitude": -40.687778, "Altitude": 189.11, "Data de Instalação": "14/12/2002", "Código": "A508" }, "geometry": { "type": "Point", "coordinates": [ -40.687778, -16.166667, 0.0 ] } },
{ "type": "Feature", "properties": { "Nome": "ALTAMIRA", "UF": "PA", "Situação": "Operante", "Latitude": -3.27, "Longitude": -52.394722, "Altitude": 191.0, "Data de Instalação": "24/10/2018", "Código": "A253" }, "geometry": { "type": "Point", "coordinates": [ -52.394722, -3.27, 0.0 ] } },
{ "type": "Feature", "properties": { "Nome": "ALTO ARAGUAIA", "UF": "MT", "Situação": "Operante", "Latitude": -17.339444, "Longitude": -53.224444, "Altitude": 753.28, "Data de Instalação": "21/09/2011", "Código": "A909" }, "geometry": { "type": "Point", "coordinates": [ -53.224444, -17.339444, 0.0 ] } },
{ "type": "Feature", "properties": { "Nome": "ALTO PARAISO DE GOIAS", "UF": "GO", "Situação": "Operante", "Latitude": -14.133056, "Longitude": -47.523333, "Altitude": 1264.7, "Data de Instalação": "03/06/2007", "Código": "A024" }, "geometry": { "type": "Point", "coordinates": [ -47.523333, -14.133056, 0.0 ] } },
{ "type": "Feature", "properties": { "Nome": "ALTO TAQUARI", "UF": "MT", "Situação": "Operante", "Latitude": -17.841111, "Longitude": -53.289444, "Altitude": 862.42, "Data de Instalação": "28/01/2008", "Código": "A934" }, "geometry": { "type": "Point", "coordinates": [ -53.289444, -17.841111, 0.0 ] } },
{ "type": "Feature", "properties": { "Nome": "AMAMBAI", "UF": "MS", "Situação": "Operante", "Latitude": -23.0025, "Longitude": -55.329444, "Altitude": 433.59, "Data de Instalação": "10/06/2008", "Código": "A750" }, "geometry": { "type": "Point", "coordinates": [ -55.329444, -23.0025, 0.0 ] } },
{ "type": "Feature", "properties": { "Nome": "AMAMBAI - NOVO HORIZONTE", "UF": "MS", "Situação": "Operante", "Latitude": -23.121111, "Longitude": -54.865556, "Altitude": null, "Data de Instalação": "17/02/2026", "Código": "A772" }, "geometry": { "type": "Point", "coordinates": [ -54.865556, -23.121111, 0.0 ] } },
{ "type": "Feature", "properties": { "Nome": "AMARGOSA", "UF": "BA", "Situação": "Operante", "Latitude": -13.009444, "Longitude": -39.616944, "Altitude": 397.8, "Data de Instalação": "10/07/2008", "Código": "A434" }, "geometry": { "type": "Point", "coordinates": [ -39.616944, -13.009444, 0.0 ] } },
{ "type": "Feature", "properties": { "Nome": "ANGRA DOS REIS", "UF": "RJ", "Situação": "Operante", "Latitude": -22.975556, "Longitude": -44.303333, "Altitude": 6.0, "Data de Instalação": "24/08/2017", "Código": "A628" }, "geometry": { "type": "Point", "coordinates": [ -44.303333, -22.975556, 0.0 ] } },
{ "type": "Feature", "properties": { "Nome": "AQUIDAUANA", "UF": "MS", "Situação": "Operante", "Latitude": -20.475556, "Longitude": -55.783889, "Altitude": 151.35, "Data de Instalação": "31/10/2006", "Código": "A719" }, "geometry": { "type": "Point", "coordinates": [ -55.783889, -20.475556, 0.0 ] } },
{ "type": "Feature", "properties": { "Nome": "ARACUAI", "UF": "MG", "Situação": "Operante", "Latitude": -16.848889, "Longitude": -42.035278, "Altitude": 308.0, "Data de Instalação": "18/05/2017", "Código": "A566" }, "geometry": { "type": "Point", "coordinates": [ -42.035278, -16.848889, 0.0 ] } },
{ "type": "Feature", "properties": { "Nome": "ARAGARCAS", "UF": "GO", "Situação": "Operante", "Latitude": -15.902778, "Longitude": -52.245278, "Altitude": 327.35, "Data de Instalação": "12/07/2007", "Código": "A013" }, "geometry": { "type": "Point", "coordinates": [ -52.245278, -15.902778, 0.0 ] } },
{ "type": "Feature", "properties": { "Nome": "ARAGUACU", "UF": "TO", "Situação": "Operante", "Latitude": -12.592222, "Longitude": -49.528611, "Altitude": 231.0, "Data de Instalação": "18/08/2015", "Código": "A054" }, "geometry": { "type": "Point", "coordinates": [ -49.528611, -12.592222, 0.0 ] } },
{ "type": "Feature", "properties": { "Nome": "ARAGUAINA", "UF": "TO", "Situação": "Operante", "Latitude": -7.103889, "Longitude": -48.201111, "Altitude": 230.76, "Data de Instalação": "25/01/2007", "Código": "A021" }, "geometry": { "type": "Point", "coordinates": [ -48.201111, -7.103889, 0.0 ] } },
{ "type": "Feature", "properties": { "Nome": "ARAGUATINS", "UF": "TO", "Situação": "Operante", "Latitude": -5.643611, "Longitude": -48.111944, "Altitude": 130.71, "Data de Instalação": "11/03/2009", "Código": "A044" }, "geometry": { "type": "Point", "coordinates": [ -48.111944, -5.643611, 0.0 ] } },
{ "type": "Feature", "properties": { "Nome": "ARAPIRACA", "UF": "AL", "Situação": "Operante", "Latitude": -9.804444, "Longitude": -36.619167, "Altitude": 236.84, "Data de Instalação": "26/04/2008", "Código": "A353" }, "geometry": { "type": "Point", "coordinates": [ -36.619167, -9.804444, 0.0 ] } },
{ "type": "Feature", "properties": { "Nome": "ARARANGUA", "UF": "SC", "Situação": "Operante", "Latitude": -28.931353, "Longitude": -49.49792, "Altitude": 2.0, "Data de Instalação": "27/09/2008", "Código": "A867" }, "geometry": { "type": "Point", "coordinates": [ -49.49792, -28.931353, 0.0 ] } },
{ "type": "Feature", "properties": { "Nome": "ARAXA", "UF": "MG", "Situação": "Operante", "Latitude": -19.605833, "Longitude": -46.949722, "Altitude": 1018.32, "Data de Instalação": "18/12/2002", "Código": "A505" }, "geometry": { "type": "Point", "coordinates": [ -46.949722, -19.605833, 0.0 ] } },
{ "type": "Feature", "properties": { "Nome": "ARCO VERDE", "UF": "PE", "Situação": "Operante", "Latitude": -8.433611, "Longitude": -37.055556, "Altitude": 683.95, "Data de Instalação": "19/11/2004", "Código": "A309" }, "geometry": { "type": "Point", "coordinates": [ -37.055556, -8.433611, 0.0 ] } },
{ "type": "Feature", "properties": { "Nome": "AREIA", "UF": "PB", "Situação": "Operante", "Latitude": -6.975556, "Longitude": -35.718056, "Altitude": 573.45, "Data de Instalação": "15/11/2004", "Código": "A310" }, "geometry": { "type": "Point", "coordinates": [ -35.718056, -6.975556, 0.0 ] } },
{ "type": "Feature", "properties": { "Nome": "ARIPUANA", "UF": "MT", "Situação": "Operante", "Latitude": -10.1825, "Longitude": -59.459722, "Altitude": 230.0, "Data de Instalação": "22/02/2026", "Código": "A964" }, "geometry": { "type": "Point", "coordinates": [ -59.459722, -10.1825, 0.0 ] } },
{ "type": "Feature", "properties": { "Nome": "ARIRANHA", "UF": "SP", "Situação": "Operante", "Latitude": -21.133056, "Longitude": -48.840556, "Altitude": 525.44, "Data de Instalação": "12/11/2007", "Código": "A736" }, "geometry": { "type": "Point", "coordinates": [ -48.840556, -21.133056, 0.0 ] } },
{ "type": "Feature", "properties": { "Nome": "ARRAIAL DO CABO", "UF": "RJ", "Situação": "Operante", "Latitude": -22.975278, "Longitude": -42.021389, "Altitude": 5.0, "Data de Instalação": "21/09/2006", "Código": "A606" }, "geometry": { "type": "Point", "coordinates": [ -42.021389, -22.975278, 0.0 ] } },
{ "type": "Feature", "properties": { "Nome": "AVARE", "UF": "SP", "Situação": "Operante", "Latitude": -23.101667, "Longitude": -48.941111, "Altitude": 776.36, "Data de Instalação": "21/09/2006", "Código": "A725" }, "geometry": { "type": "Point", "coordinates": [ -48.941111, -23.101667, 0.0 ] } },
{ "type": "Feature", "properties": { "Nome": "BACABAL", "UF": "MA", "Situação": "Operante", "Latitude": -4.243056, "Longitude": -44.795, "Altitude": 22.33, "Data de Instalação": "08/07/2008", "Código": "A220" }, "geometry": { "type": "Point", "coordinates": [ -44.795, -4.243056, 0.0 ] } },
{ "type": "Feature", "properties": { "Nome": "BAGE", "UF": "RS", "Situação": "Operante", "Latitude": -31.347778, "Longitude": -54.013333, "Altitude": 226.19, "Data de Instalação": "03/01/2007", "Código": "A827" }, "geometry": { "type": "Point", "coordinates": [ -54.013333, -31.347778, 0.0 ] } },
{ "type": "Feature", "properties": { "Nome": "BAGE - CENTRO", "UF": "RS", "Situação": "Operante", "Latitude": -31.305556, "Longitude": -54.013333, "Altitude": 226.2, "Data de Instalação": "31/07/2025", "Código": "B827" }, "geometry": { "type": "Point", "coordinates": [ -54.013333, -31.305556, 0.0 ] } },
{ "type": "Feature", "properties": { "Nome": "BAIXA GRANDE DO RIBEIRO", "UF": "PI", "Situação": "Operante", "Latitude": -8.333531, "Longitude": -45.094625, "Altitude": 519.0, "Data de Instalação": "22/03/2018", "Código": "A375" }, "geometry": { "type": "Point", "coordinates": [ -45.094625, -8.333531, 0.0 ] } },
{ "type": "Feature", "properties": { "Nome": "BAMBUI", "UF": "MG", "Situação": "Operante", "Latitude": -20.031111, "Longitude": -46.008889, "Altitude": 697.0, "Data de Instalação": "22/11/2016", "Código": "A565" }, "geometry": { "type": "Point", "coordinates": [ -46.008889, -20.031111, 0.0 ] } },
{ "type": "Feature", "properties": { "Nome": "BARBACENA", "UF": "MG", "Situação": "Operante", "Latitude": -21.228333, "Longitude": -43.767778, "Altitude": 1168.76, "Data de Instalação": "04/12/2002", "Código": "A502" }, "geometry": { "type": "Point", "coordinates": [ -43.767778, -21.228333, 0.0 ] } },
{ "type": "Feature", "properties": { "Nome": "BARCELOS", "UF": "AM", "Situação": "Operante", "Latitude": -0.987222, "Longitude": -62.924167, "Altitude": 29.88, "Data de Instalação": "18/04/2008", "Código": "A128" }, "geometry": { "type": "Point", "coordinates": [ -62.924167, -0.987222, 0.0 ] } },
{ "type": "Feature", "properties": { "Nome": "BARRA", "UF": "BA", "Situação": "Operante", "Latitude": -11.084722, "Longitude": -43.138889, "Altitude": 407.5, "Data de Instalação": "11/05/2008", "Código": "A429" }, "geometry": { "type": "Point", "coordinates": [ -43.138889, -11.084722, 0.0 ] } },
{ "type": "Feature", "properties": { "Nome": "BARRA BONITA", "UF": "SP", "Situação": "Operante", "Latitude": -22.471111, "Longitude": -48.5575, "Altitude": 533.68, "Data de Instalação": "23/04/2008", "Código": "A741" }, "geometry": { "type": "Point", "coordinates": [ -48.5575, -22.471111, 0.0 ] } },
{ "type": "Feature", "properties": { "Nome": "BARRA DO BUGRES", "UF": "MT", "Situação": "Operante", "Latitude": -15.075833, "Longitude": -57.194722, "Altitude": 186.0, "Data de Instalação": "02/02/2026", "Código": "A967" }, "geometry": { "type": "Point", "coordinates": [ -57.194722, -15.075833, 0.0 ] } },
{ "type": "Feature", "properties": { "Nome": "BARRA DO TURVO", "UF": "SP", "Situação": "Operante", "Latitude": -24.962778, "Longitude": -48.416389, "Altitude": 659.89, "Data de Instalação": "02/07/2008", "Código": "A746" }, "geometry": { "type": "Point", "coordinates": [ -48.416389, -24.962778, 0.0 ] } },
{ "type": "Feature", "properties": { "Nome": "BARREIRAS", "UF": "BA", "Situação": "Operante", "Latitude": -12.124722, "Longitude": -45.026944, "Altitude": 474.17, "Data de Instalação": "19/12/2001", "Código": "A402" }, "geometry": { "type": "Point", "coordinates": [ -45.026944, -12.124722, 0.0 ] } },
{ "type": "Feature", "properties": { "Nome": "BARRETOS", "UF": "SP", "Situação": "Operante", "Latitude": -20.559167, "Longitude": -48.545, "Altitude": 534.36, "Data de Instalação": "18/06/2010", "Código": "A748" }, "geometry": { "type": "Point", "coordinates": [ -48.545, -20.559167, 0.0 ] } },
{ "type": "Feature", "properties": { "Nome": "BATAGUASSU", "UF": "MS", "Situação": "Operante", "Latitude": -21.75, "Longitude": -52.471389, "Altitude": 392.13, "Data de Instalação": "20/03/2013", "Código": "A759" }, "geometry": { "type": "Point", "coordinates": [ -52.471389, -21.75, 0.0 ] } },
{ "type": "Feature", "properties": { "Nome": "BAURU", "UF": "SP", "Situação": "Operante", "Latitude": -22.358056, "Longitude": -49.028889, "Altitude": 636.17, "Data de Instalação": "29/08/2001", "Código": "A705" }, "geometry": { "type": "Point", "coordinates": [ -49.028889, -22.358056, 0.0 ] } },
{ "type": "Feature", "properties": { "Nome": "BEBEDOURO", "UF": "SP", "Situação": "Operante", "Latitude": -20.948056, "Longitude": -48.471389, "Altitude": 542.0, "Data de Instalação": "26/10/2016", "Código": "A764" }, "geometry": { "type": "Point", "coordinates": [ -48.471389, -20.948056, 0.0 ] } },
{ "type": "Feature", "properties": { "Nome": "BELEM", "UF": "PA", "Situação": "Operante", "Latitude": -1.411111, "Longitude": -48.439444, "Altitude": 21.17, "Data de Instalação": "19/01/2003", "Código": "A201" }, "geometry": { "type": "Point", "coordinates": [ -48.439444, -1.411111, 0.0 ] } },
{ "type": "Feature", "properties": { "Nome": "BELO HORIZONTE - CERCADINHO", "UF": "MG", "Situação": "Operante", "Latitude": -19.98, "Longitude": -43.958611, "Altitude": 1199.55, "Data de Instalação": "26/12/2013", "Código": "F501" }, "geometry": { "type": "Point", "coordinates": [ -43.958611, -19.98, 0.0 ] } },
{ "type": "Feature", "properties": { "Nome": "BELO HORIZONTE - PAMPULHA", "UF": "MG", "Situação": "Operante", "Latitude": -19.883889, "Longitude": -43.969444, "Altitude": 854.02, "Data de Instalação": "09/10/2006", "Código": "A521" }, "geometry": { "type": "Point", "coordinates": [ -43.969444, -19.883889, 0.0 ] } },
{ "type": "Feature", "properties": { "Nome": "BELO HORIZONTE - SANTO AGOSTINHO", "UF": "MG", "Situação": "Operante", "Latitude": -19.933889, "Longitude": -43.952222, "Altitude": 915.47, "Data de Instalação": "27/08/2025", "Código": "A572" }, "geometry": { "type": "Point", "coordinates": [ -43.952222, -19.933889, 0.0 ] } },
{ "type": "Feature", "properties": { "Nome": "BERTIOGA", "UF": "SP", "Situação": "Operante", "Latitude": -23.844722, "Longitude": -46.143333, "Altitude": 5.0, "Data de Instalação": "31/01/2017", "Código": "A765" }, "geometry": { "type": "Point", "coordinates": [ -46.143333, -23.844722, 0.0 ] } },
{ "type": "Feature", "properties": { "Nome": "BOCA DO ACRE", "UF": "AM", "Situação": "Operante", "Latitude": -8.776667, "Longitude": -67.3325, "Altitude": 111.98, "Data de Instalação": "14/07/2008", "Código": "A110" }, "geometry": { "type": "Point", "coordinates": [ -67.3325, -8.776667, 0.0 ] } },
{ "type": "Feature", "properties": { "Nome": "BRAGANCA", "UF": "PA", "Situação": "Operante", "Latitude": -1.055833, "Longitude": -46.782778, "Altitude": 5.6, "Data de Instalação": "10/03/2008", "Código": "A226" }, "geometry": { "type": "Point", "coordinates": [ -46.782778, -1.055833, 0.0 ] } },
{ "type": "Feature", "properties": { "Nome": "BRAGANCA PAULISTA", "UF": "SP", "Situação": "Operante", "Latitude": -22.949167, "Longitude": -46.526111, "Altitude": 891.0, "Data de Instalação": "19/12/2017", "Código": "A744" }, "geometry": { "type": "Point", "coordinates": [ -46.526111, -22.949167, 0.0 ] } },
{ "type": "Feature", "properties": { "Nome": "BRASILIA", "UF": "DF", "Situação": "Operante", "Latitude": -15.789444, "Longitude": -47.925833, "Altitude": 1160.96, "Data de Instalação": "06/05/2000", "Código": "A001" }, "geometry": { "type": "Point", "coordinates": [ -47.925833, -15.789444, 0.0 ] } },
{ "type": "Feature", "properties": { "Nome": "BRASNORTE (NOVO MUNDO)", "UF": "MT", "Situação": "Operante", "Latitude": -12.521944, "Longitude": -58.231389, "Altitude": 426.2, "Data de Instalação": "28/02/2008", "Código": "A927" }, "geometry": { "type": "Point", "coordinates": [ -58.231389, -12.521944, 0.0 ] } },
{ "type": "Feature", "properties": { "Nome": "BRAZLANDIA", "UF": "DF", "Situação": "Operante", "Latitude": -15.6525, "Longitude": -48.201389, "Altitude": 1147.0, "Data de Instalação": "18/07/2017", "Código": "A042" }, "geometry": { "type": "Point", "coordinates": [ -48.201389, -15.6525, 0.0 ] } },
{ "type": "Feature", "properties": { "Nome": "BURITICUPU", "UF": "MA", "Situação": "Operante", "Latitude": -4.320556, "Longitude": -46.449444, "Altitude": 174.91, "Data de Instalação": "10/09/2008", "Código": "A238" }, "geometry": { "type": "Point", "coordinates": [ -46.449444, -4.320556, 0.0 ] } },
{ "type": "Feature", "properties": { "Nome": "BURITIS", "UF": "MG", "Situação": "Operante", "Latitude": -15.524167, "Longitude": -46.435556, "Altitude": 894.0, "Data de Instalação": "18/06/2007", "Código": "A544" }, "geometry": { "type": "Point", "coordinates": [ -46.435556, -15.524167, 0.0 ] } },
{ "type": "Feature", "properties": { "Nome": "CABACEIRAS", "UF": "PB", "Situação": "Operante", "Latitude": -7.483333, "Longitude": -36.286389, "Altitude": 391.96, "Data de Instalação": "27/02/2008", "Código": "A348" }, "geometry": { "type": "Point", "coordinates": [ -36.286389, -7.483333, 0.0 ] } },
{ "type": "Feature", "properties": { "Nome": "CABROBO", "UF": "PE", "Situação": "Operante", "Latitude": -8.503889, "Longitude": -39.315278, "Altitude": 342.74, "Data de Instalação": "03/09/2007", "Código": "A329" }, "geometry": { "type": "Point", "coordinates": [ -39.315278, -8.503889, 0.0 ] } },
{ "type": "Feature", "properties": { "Nome": "CACAPAVA DO SUL", "UF": "RS", "Situação": "Operante", "Latitude": -30.545278, "Longitude": -53.466944, "Altitude": 420.82, "Data de Instalação": "21/06/2006", "Código": "A812" }, "geometry": { "type": "Point", "coordinates": [ -53.466944, -30.545278, 0.0 ] } },
{ "type": "Feature", "properties": { "Nome": "CACERES", "UF": "MT", "Situação": "Operante", "Latitude": -16.13, "Longitude": -57.690833, "Altitude": 123.53, "Data de Instalação": "29/03/2012", "Código": "A941" }, "geometry": { "type": "Point", "coordinates": [ -57.690833, -16.13, 0.0 ] } },
{ "type": "Feature", "properties": { "Nome": "CACHOEIRA DO SUL", "UF": "RS", "Situação": "Operante", "Latitude": -30.018333, "Longitude": -52.938889, "Altitude": 73.0, "Data de Instalação": "16/09/2025", "Código": "B822" }, "geometry": { "type": "Point", "coordinates": [ -52.938889, -30.018333, 0.0 ] } },
{ "type": "Feature", "properties": { "Nome": "CACHOEIRA PAULISTA", "UF": "SP", "Situação": "Operante", "Latitude": -22.688889, "Longitude": -45.005556, "Altitude": 586.0, "Data de Instalação": "19/10/2017", "Código": "A769" }, "geometry": { "type": "Point", "coordinates": [ -45.005556, -22.688889, 0.0 ] } },
{ "type": "Feature", "properties": { "Nome": "CACHOEIRINHA", "UF": "RS", "Situação": "Operante", "Latitude": -29.951389, "Longitude": -51.124167, "Altitude": 72.0, "Data de Instalação": "17/02/2025", "Código": "B808" }, "geometry": { "type": "Point", "coordinates": [ -51.124167, -29.951389, 0.0 ] } },
{ "type": "Feature", "properties": { "Nome": "CACOAL", "UF": "RO", "Situação": "Operante", "Latitude": -11.445833, "Longitude": -61.434167, "Altitude": 183.53, "Data de Instalação": "19/07/2008", "Código": "A939" }, "geometry": { "type": "Point", "coordinates": [ -61.434167, -11.445833, 0.0 ] } },
{ "type": "Feature", "properties": { "Nome": "CAIAPONIA", "UF": "GO", "Situação": "Operante", "Latitude": -16.966944, "Longitude": -51.8175, "Altitude": 740.1, "Data de Instalação": "20/05/2007", "Código": "A023" }, "geometry": { "type": "Point", "coordinates": [ -51.8175, -16.966944, 0.0 ] } },
{ "type": "Feature", "properties": { "Nome": "CAICO", "UF": "RN", "Situação": "Operante", "Latitude": -6.4675, "Longitude": -37.085, "Altitude": 171.26, "Data de Instalação": "06/01/2007", "Código": "A316" }, "geometry": { "type": "Point", "coordinates": [ -37.085, -6.4675, 0.0 ] } },
{ "type": "Feature", "properties": { "Nome": "CAMAQUA", "UF": "RS", "Situação": "Operante", "Latitude": -30.808056, "Longitude": -51.834167, "Altitude": 92.3, "Data de Instalação": "11/12/2006", "Código": "A838" }, "geometry": { "type": "Point", "coordinates": [ -51.834167, -30.808056, 0.0 ] } },
{ "type": "Feature", "properties": { "Nome": "CAMBUCI", "UF": "RJ", "Situação": "Operante", "Latitude": -21.5875, "Longitude": -41.958333, "Altitude": 46.0, "Data de Instalação": "19/11/2002", "Código": "A604" }, "geometry": { "type": "Point", "coordinates": [ -41.958333, -21.5875, 0.0 ] } },
{ "type": "Feature", "properties": { "Nome": "CAMPINA DA LAGOA", "UF": "PR", "Situação": "Operante", "Latitude": -24.570833, "Longitude": -52.800278, "Altitude": 598.0, "Data de Instalação": "03/08/2016", "Código": "B803" }, "geometry": { "type": "Point", "coordinates": [ -52.800278, -24.570833, 0.0 ] } },
{ "type": "Feature", "properties": { "Nome": "CAMPINA GRANDE", "UF": "PB", "Situação": "Operante", "Latitude": -7.225556, "Longitude": -35.904722, "Altitude": 546.17, "Data de Instalação": "21/12/2006", "Código": "A313" }, "geometry": { "type": "Point", "coordinates": [ -35.904722, -7.225556, 0.0 ] } },
{ "type": "Feature", "properties": { "Nome": "CAMPINA VERDE", "UF": "MG", "Situação": "Operante", "Latitude": -19.539167, "Longitude": -49.518056, "Altitude": 559.07, "Data de Instalação": "14/07/2006", "Código": "A519" }, "geometry": { "type": "Point", "coordinates": [ -49.518056, -19.539167, 0.0 ] } },
{ "type": "Feature", "properties": { "Nome": "CAMPO BOM", "UF": "RS", "Situação": "Operante", "Latitude": -29.674167, "Longitude": -51.064167, "Altitude": 23.35, "Data de Instalação": "28/11/2013", "Código": "A884" }, "geometry": { "type": "Point", "coordinates": [ -51.064167, -29.674167, 0.0 ] } },
{ "type": "Feature", "properties": { "Nome": "CAMPO GRANDE", "UF": "MS", "Situação": "Operante", "Latitude": -20.447222, "Longitude": -54.7225, "Altitude": 528.47, "Data de Instalação": "09/09/2001", "Código": "A702" }, "geometry": { "type": "Point", "coordinates": [ -54.7225, -20.447222, 0.0 ] } },
{ "type": "Feature", "properties": { "Nome": "CAMPO VERDE", "UF": "MT", "Situação": "Operante", "Latitude": -15.558889, "Longitude": -55.179444, "Altitude": 747.0, "Data de Instalação": "20/11/2006", "Código": "A912" }, "geometry": { "type": "Point", "coordinates": [ -55.179444, -15.558889, 0.0 ] } },
{ "type": "Feature", "properties": { "Nome": "CAMPOS DE JULIO", "UF": "MT", "Situação": "Operante", "Latitude": -13.727222, "Longitude": -59.2625, "Altitude": 620.0, "Data de Instalação": "14/02/2026", "Código": "A962" }, "geometry": { "type": "Point", "coordinates": [ -59.2625, -13.727222, 0.0 ] } },
{ "type": "Feature", "properties": { "Nome": "CAMPOS DO JORDAO", "UF": "SP", "Situação": "Operante", "Latitude": -22.750278, "Longitude": -45.603889, "Altitude": 1662.95, "Data de Instalação": "12/03/2002", "Código": "A706" }, "geometry": { "type": "Point", "coordinates": [ -45.603889, -22.750278, 0.0 ] } },
{ "type": "Feature", "properties": { "Nome": "CAMPOS DOS GOYTACAZES", "UF": "RJ", "Situação": "Operante", "Latitude": -21.714722, "Longitude": -41.343889, "Altitude": 17.0, "Data de Instalação": "24/09/2006", "Código": "A607" }, "geometry": { "type": "Point", "coordinates": [ -41.343889, -21.714722, 0.0 ] } },
{ "type": "Feature", "properties": { "Nome": "CAMPOS DOS GOYTACAZES - SAO TOME", "UF": "RJ", "Situação": "Operante", "Latitude": -22.041667, "Longitude": -41.051667, "Altitude": 7.0, "Data de Instalação": "12/06/2008", "Código": "A620" }, "geometry": { "type": "Point", "coordinates": [ -41.051667, -22.041667, 0.0 ] } },
{ "type": "Feature", "properties": { "Nome": "CAMPOS NOVOS", "UF": "SC", "Situação": "Operante", "Latitude": -27.388611, "Longitude": -51.215833, "Altitude": 963.0, "Data de Instalação": "14/02/2019", "Código": "A898" }, "geometry": { "type": "Point", "coordinates": [ -51.215833, -27.388611, 0.0 ] } },
{ "type": "Feature", "properties": { "Nome": "CAMPOS SALES", "UF": "CE", "Situação": "Operante", "Latitude": -7.077778, "Longitude": -40.362778, "Altitude": 577.95, "Data de Instalação": "06/03/2008", "Código": "A347" }, "geometry": { "type": "Point", "coordinates": [ -40.362778, -7.077778, 0.0 ] } },
{ "type": "Feature", "properties": { "Nome": "CANARANA", "UF": "MT", "Situação": "Operante", "Latitude": -13.470556, "Longitude": -52.304444, "Altitude": 430.0, "Data de Instalação": "08/02/2026", "Código": "A957" }, "geometry": { "type": "Point", "coordinates": [ -52.304444, -13.470556, 0.0 ] } },
{ "type": "Feature", "properties": { "Nome": "CANELA", "UF": "RS", "Situação": "Operante", "Latitude": -29.368889, "Longitude": -50.827222, "Altitude": 830.93, "Data de Instalação": "22/08/2008", "Código": "A879" }, "geometry": { "type": "Point", "coordinates": [ -50.827222, -29.368889, 0.0 ] } },
{ "type": "Feature", "properties": { "Nome": "CANGUCU", "UF": "RS", "Situação": "Operante", "Latitude": -31.403333, "Longitude": -52.700833, "Altitude": 446.81, "Data de Instalação": "23/01/2007", "Código": "A811" }, "geometry": { "type": "Point", "coordinates": [ -52.700833, -31.403333, 0.0 ] } },
{ "type": "Feature", "properties": { "Nome": "CANTO DO BURITI", "UF": "PI", "Situação": "Operante", "Latitude": -8.118056, "Longitude": -42.975833, "Altitude": 312.07, "Data de Instalação": "11/06/2010", "Código": "A365" }, "geometry": { "type": "Point", "coordinates": [ -42.975833, -8.118056, 0.0 ] } },
{ "type": "Feature", "properties": { "Nome": "CAPAO DA CANOA", "UF": "RS", "Situação": "Operante", "Latitude": -29.685278, "Longitude": -49.993056, "Altitude": 0.0, "Data de Instalação": "12/10/2025", "Código": "B832" }, "geometry": { "type": "Point", "coordinates": [ -49.993056, -29.685278, 0.0 ] } },
{ "type": "Feature", "properties": { "Nome": "CAPAO DO LEAO (PELOTAS)", "UF": "RS", "Situação": "Operante", "Latitude": -31.8025, "Longitude": -52.407222, "Altitude": 13.0, "Data de Instalação": "17/07/2019", "Código": "A887" }, "geometry": { "type": "Point", "coordinates": [ -52.407222, -31.8025, 0.0 ] } },
{ "type": "Feature", "properties": { "Nome": "CAPELINHA", "UF": "MG", "Situação": "Operante", "Latitude": -17.705556, "Longitude": -42.389167, "Altitude": 932.06, "Data de Instalação": "30/08/2007", "Código": "A541" }, "geometry": { "type": "Point", "coordinates": [ -42.389167, -17.705556, 0.0 ] } },
{ "type": "Feature", "properties": { "Nome": "CAPITAO POCO", "UF": "PA", "Situação": "Operante", "Latitude": -1.734722, "Longitude": -47.0575, "Altitude": 79.1, "Data de Instalação": "17/04/2011", "Código": "A248" }, "geometry": { "type": "Point", "coordinates": [ -47.0575, -1.734722, 0.0 ] } },
{ "type": "Feature", "properties": { "Nome": "CARATINGA", "UF": "MG", "Situação": "Operante", "Latitude": -19.735833, "Longitude": -42.137222, "Altitude": 609.25, "Data de Instalação": "23/05/2007", "Código": "A554" }, "geometry": { "type": "Point", "coordinates": [ -42.137222, -19.735833, 0.0 ] } },
{ "type": "Feature", "properties": { "Nome": "CARAZINHO", "UF": "RS", "Situação": "Operante", "Latitude": -28.323333, "Longitude": -52.814444, "Altitude": 581.0, "Data de Instalação": "30/11/2025", "Código": "B842" }, "geometry": { "type": "Point", "coordinates": [ -52.814444, -28.323333, 0.0 ] } },
{ "type": "Feature", "properties": { "Nome": "CARMO", "UF": "RJ", "Situação": "Operante", "Latitude": -21.938611, "Longitude": -42.600833, "Altitude": 293.0, "Data de Instalação": "10/10/2018", "Código": "A629" }, "geometry": { "type": "Point", "coordinates": [ -42.600833, -21.938611, 0.0 ] } },
{ "type": "Feature", "properties": { "Nome": "CASA BRANCA", "UF": "SP", "Situação": "Operante", "Latitude": -21.780556, "Longitude": -47.075278, "Altitude": 734.15, "Data de Instalação": "24/06/2007", "Código": "A738" }, "geometry": { "type": "Point", "coordinates": [ -47.075278, -21.780556, 0.0 ] } },
{ "type": "Feature", "properties": { "Nome": "CASCA", "UF": "RS", "Situação": "Operante", "Latitude": -28.563611, "Longitude": -51.969167, "Altitude": 602.0, "Data de Instalação": "23/02/2026", "Código": "B858" }, "geometry": { "type": "Point", "coordinates": [ -51.969167, -28.563611, 0.0 ] } },
{ "type": "Feature", "properties": { "Nome": "CASSILANDIA", "UF": "MS", "Situação": "Operante", "Latitude": -19.1225, "Longitude": -51.720833, "Altitude": 494.72, "Data de Instalação": "07/03/2008", "Código": "A742" }, "geometry": { "type": "Point", "coordinates": [ -51.720833, -19.1225, 0.0 ] } },
{ "type": "Feature", "properties": { "Nome": "CASTANHAL", "UF": "PA", "Situação": "Operante", "Latitude": -1.300833, "Longitude": -47.948056, "Altitude": 47.13, "Data de Instalação": "23/01/2003", "Código": "A202" }, "geometry": { "type": "Point", "coordinates": [ -47.948056, -1.300833, 0.0 ] } },
{ "type": "Feature", "properties": { "Nome": "CASTELO DO PIAUI", "UF": "PI", "Situação": "Operante", "Latitude": -5.349167, "Longitude": -41.512222, "Altitude": 268.75, "Data de Instalação": "19/04/2009", "Código": "A361" }, "geometry": { "type": "Point", "coordinates": [ -41.512222, -5.349167, 0.0 ] } },
{ "type": "Feature", "properties": { "Nome": "CATALAO", "UF": "GO", "Situação": "Operante", "Latitude": -18.154722, "Longitude": -47.9275, "Altitude": 900.72, "Data de Instalação": "30/01/2008", "Código": "A034" }, "geometry": { "type": "Point", "coordinates": [ -47.9275, -18.154722, 0.0 ] } },
{ "type": "Feature", "properties": { "Nome": "CAXIAS", "UF": "MA", "Situação": "Operante", "Latitude": -4.821389, "Longitude": -43.343611, "Altitude": 84.85, "Data de Instalação": "12/07/2008", "Código": "A237" }, "geometry": { "type": "Point", "coordinates": [ -43.343611, -4.821389, 0.0 ] } },
{ "type": "Feature", "properties": { "Nome": "CAXIAS DO SUL - CRIUVA", "UF": "RS", "Situação": "Operante", "Latitude": -28.874167, "Longitude": -50.975556, "Altitude": 857.0, "Data de Instalação": "31/07/2025", "Código": "B817" }, "geometry": { "type": "Point", "coordinates": [ -50.975556, -28.874167, 0.0 ] } },
{ "type": "Feature", "properties": { "Nome": "CHAPADA DOS GUIMARAES", "UF": "MT", "Situação": "Operante", "Latitude": -15.460556, "Longitude": -55.749722, "Altitude": 800.0, "Data de Instalação": "05/02/2026", "Código": "A958" }, "geometry": { "type": "Point", "coordinates": [ -55.749722, -15.460556, 0.0 ] } },
{ "type": "Feature", "properties": { "Nome": "CHAPADAO DO SUL", "UF": "MS", "Situação": "Operante", "Latitude": -18.802222, "Longitude": -52.6025, "Altitude": 820.82, "Data de Instalação": "19/12/2006", "Código": "A730" }, "geometry": { "type": "Point", "coordinates": [ -52.6025, -18.802222, 0.0 ] } },
{ "type": "Feature", "properties": { "Nome": "CHAPADINHA", "UF": "MA", "Situação": "Operante", "Latitude": -3.742778, "Longitude": -43.352222, "Altitude": 104.0, "Data de Instalação": "16/09/2008", "Código": "A206" }, "geometry": { "type": "Point", "coordinates": [ -43.352222, -3.742778, 0.0 ] } },
{ "type": "Feature", "properties": { "Nome": "CHAPECO", "UF": "SC", "Situação": "Operante", "Latitude": -27.085278, "Longitude": -52.635833, "Altitude": 679.0, "Data de Instalação": "18/02/2019", "Código": "A895" }, "geometry": { "type": "Point", "coordinates": [ -52.635833, -27.085278, 0.0 ] } },
{ "type": "Feature", "properties": { "Nome": "CIDADE GAUCHA", "UF": "PR", "Situação": "Operante", "Latitude": -23.359167, "Longitude": -52.931944, "Altitude": 365.79, "Data de Instalação": "10/03/2008", "Código": "A869" }, "geometry": { "type": "Point", "coordinates": [ -52.931944, -23.359167, 0.0 ] } },
{ "type": "Feature", "properties": { "Nome": "COCALINHO", "UF": "MT", "Situação": "Operante", "Latitude": -14.385556, "Longitude": -51.009722, "Altitude": 252.0, "Data de Instalação": "02/12/2025", "Código": "A954" }, "geometry": { "type": "Point", "coordinates": [ -51.009722, -14.385556, 0.0 ] } },
{ "type": "Feature", "properties": { "Nome": "COLINAS DO TOCANTINS", "UF": "TO", "Situação": "Operante", "Latitude": -8.092778, "Longitude": -48.478611, "Altitude": 200.0, "Data de Instalação": "10/11/2016", "Código": "A049" }, "geometry": { "type": "Point", "coordinates": [ -48.478611, -8.092778, 0.0 ] } },
{ "type": "Feature", "properties": { "Nome": "COLNIZA", "UF": "MT", "Situação": "Operante", "Latitude": -9.452222, "Longitude": -59.235278, "Altitude": 140.0, "Data de Instalação": "21/02/2026", "Código": "A965" }, "geometry": { "type": "Point", "coordinates": [ -59.235278, -9.452222, 0.0 ] } },
{ "type": "Feature", "properties": { "Nome": "COLOMBO", "UF": "PR", "Situação": "Operante", "Latitude": -25.3225, "Longitude": -49.157778, "Altitude": 950.0, "Data de Instalação": "31/05/2016", "Código": "B806" }, "geometry": { "type": "Point", "coordinates": [ -49.157778, -25.3225, 0.0 ] } },
{ "type": "Feature", "properties": { "Nome": "COMODORO NORTE", "UF": "MT", "Situação": "Operante", "Latitude": -13.635556, "Longitude": -59.785, "Altitude": 624.0, "Data de Instalação": "16/02/2026", "Código": "A963" }, "geometry": { "type": "Point", "coordinates": [ -59.785, -13.635556, 0.0 ] } },
{ "type": "Feature", "properties": { "Nome": "CONCEICAO DAS ALAGOAS", "UF": "MG", "Situação": "Operante", "Latitude": -19.985833, "Longitude": -48.151667, "Altitude": 572.54, "Data de Instalação": "17/07/2006", "Código": "A520" }, "geometry": { "type": "Point", "coordinates": [ -48.151667, -19.985833, 0.0 ] } },
{ "type": "Feature", "properties": { "Nome": "CORONEL PACHECO", "UF": "MG", "Situação": "Operante", "Latitude": -21.546667, "Longitude": -43.261111, "Altitude": 411.14, "Data de Instalação": "16/10/2012", "Código": "A557" }, "geometry": { "type": "Point", "coordinates": [ -43.261111, -21.546667, 0.0 ] } },
{ "type": "Feature", "properties": { "Nome": "CORRENTE", "UF": "PI", "Situação": "Operante", "Latitude": -10.429167, "Longitude": -45.173056, "Altitude": 452.0, "Data de Instalação": "27/03/2018", "Código": "A374" }, "geometry": { "type": "Point", "coordinates": [ -45.173056, -10.429167, 0.0 ] } },
{ "type": "Feature", "properties": { "Nome": "CORRENTINA", "UF": "BA", "Situação": "Operante", "Latitude": -13.3325, "Longitude": -44.6175, "Altitude": 551.71, "Data de Instalação": "08/11/2007", "Código": "A416" }, "geometry": { "type": "Point", "coordinates": [ -44.6175, -13.3325, 0.0 ] } },
{ "type": "Feature", "properties": { "Nome": "CORUMBA", "UF": "MS", "Situação": "Operante", "Latitude": -18.996667, "Longitude": -57.6375, "Altitude": 111.73, "Data de Instalação": "25/10/2006", "Código": "A724" }, "geometry": { "type": "Point", "coordinates": [ -57.6375, -18.996667, 0.0 ] } },
{ "type": "Feature", "properties": { "Nome": "CORURIPE", "UF": "AL", "Situação": "Operante", "Latitude": -10.128611, "Longitude": -36.286389, "Altitude": 82.39, "Data de Instalação": "05/09/2008", "Código": "A355" }, "geometry": { "type": "Point", "coordinates": [ -36.286389, -10.128611, 0.0 ] } },
{ "type": "Feature", "properties": { "Nome": "COSTA RICA", "UF": "MS", "Situação": "Operante", "Latitude": -18.492778, "Longitude": -53.171389, "Altitude": 727.34, "Data de Instalação": "03/12/2012", "Código": "A760" }, "geometry": { "type": "Point", "coordinates": [ -53.171389, -18.492778, 0.0 ] } },
{ "type": "Feature", "properties": { "Nome": "CRISTALINA", "UF": "GO", "Situação": "Operante", "Latitude": -16.785, "Longitude": -47.613056, "Altitude": 1211.08, "Data de Instalação": "13/12/2007", "Código": "A036" }, "geometry": { "type": "Point", "coordinates": [ -47.613056, -16.785, 0.0 ] } },
{ "type": "Feature", "properties": { "Nome": "CRISTALINA (FAZENDA SANTA MONICA)", "UF": "GO", "Situação": "Operante", "Latitude": -16.399444, "Longitude": -47.625833, "Altitude": 932.0, "Data de Instalação": "24/01/2018", "Código": "A056" }, "geometry": { "type": "Point", "coordinates": [ -47.625833, -16.399444, 0.0 ] } },
{ "type": "Feature", "properties": { "Nome": "CRUZ ALTA ( CENTRO)", "UF": "RS", "Situação": "Operante", "Latitude": -28.625833, "Longitude": -53.613611, "Altitude": 475.0, "Data de Instalação": "12/10/2025", "Código": "B833" }, "geometry": { "type": "Point", "coordinates": [ -53.613611, -28.625833, 0.0 ] } },
{ "type": "Feature", "properties": { "Nome": "CRUZ DAS ALMAS", "UF": "BA", "Situação": "Operante", "Latitude": -12.675556, "Longitude": -39.089444, "Altitude": 219.76, "Data de Instalação": "18/01/2003", "Código": "A406" }, "geometry": { "type": "Point", "coordinates": [ -39.089444, -12.675556, 0.0 ] } },
{ "type": "Feature", "properties": { "Nome": "CUIABA", "UF": "MT", "Situação": "Operante", "Latitude": -15.606944, "Longitude": -56.060833, "Altitude": 184.0, "Data de Instalação": "07/12/2002", "Código": "A901" }, "geometry": { "type": "Point", "coordinates": [ -56.060833, -15.606944, 0.0 ] } },
{ "type": "Feature", "properties": { "Nome": "CURACA", "UF": "BA", "Situação": "Operante", "Latitude": -9.001389, "Longitude": -39.9125, "Altitude": 370.0, "Data de Instalação": "19/08/2015", "Código": "A448" }, "geometry": { "type": "Point", "coordinates": [ -39.9125, -9.001389, 0.0 ] } },
{ "type": "Feature", "properties": { "Nome": "CURITIBA", "UF": "PR", "Situação": "Operante", "Latitude": -25.448611, "Longitude": -49.230556, "Altitude": 922.91, "Data de Instalação": "27/01/2003", "Código": "A807" }, "geometry": { "type": "Point", "coordinates": [ -49.230556, -25.448611, 0.0 ] } },
{ "type": "Feature", "properties": { "Nome": "CURITIBANOS", "UF": "SC", "Situação": "Operante", "Latitude": -27.288611, "Longitude": -50.604167, "Altitude": 978.1, "Data de Instalação": "27/02/2008", "Código": "A860" }, "geometry": { "type": "Point", "coordinates": [ -50.604167, -27.288611, 0.0 ] } },
{ "type": "Feature", "properties": { "Nome": "CURVELO", "UF": "MG", "Situação": "Operante", "Latitude": -18.747778, "Longitude": -44.453889, "Altitude": 669.48, "Data de Instalação": "17/12/2006", "Código": "A538" }, "geometry": { "type": "Point", "coordinates": [ -44.453889, -18.747778, 0.0 ] } },
{ "type": "Feature", "properties": { "Nome": "DIAMANTE DO NORTE", "UF": "PR", "Situação": "Operante", "Latitude": -22.639444, "Longitude": -52.890278, "Altitude": 368.22, "Data de Instalação": "05/03/2008", "Código": "A849" }, "geometry": { "type": "Point", "coordinates": [ -52.890278, -22.639444, 0.0 ] } },
{ "type": "Feature", "properties": { "Nome": "DIAMANTINA", "UF": "MG", "Situação": "Operante", "Latitude": -18.231052, "Longitude": -43.648269, "Altitude": 1359.25, "Data de Instalação": "04/06/2007", "Código": "A537" }, "geometry": { "type": "Point", "coordinates": [ -43.648269, -18.231052, 0.0 ] } },
{ "type": "Feature", "properties": { "Nome": "DIAMANTINO", "UF": "MT", "Situação": "Operante", "Latitude": -14.377778, "Longitude": -56.379722, "Altitude": 317.0, "Data de Instalação": "26/11/2025", "Código": "A949" }, "geometry": { "type": "Point", "coordinates": [ -56.379722, -14.377778, 0.0 ] } },
{ "type": "Feature", "properties": { "Nome": "DIANOPOLIS", "UF": "TO", "Situação": "Operante", "Latitude": -11.594444, "Longitude": -46.847222, "Altitude": 727.87, "Data de Instalação": "29/08/2008", "Código": "A038" }, "geometry": { "type": "Point", "coordinates": [ -46.847222, -11.594444, 0.0 ] } },
{ "type": "Feature", "properties": { "Nome": "DILERMANDO DE AGUIAR", "UF": "RS", "Situação": "Operante", "Latitude": -29.725556, "Longitude": -54.188056, "Altitude": 143.0, "Data de Instalação": "03/02/2026", "Código": "B852" }, "geometry": { "type": "Point", "coordinates": [ -54.188056, -29.725556, 0.0 ] } },
{ "type": "Feature", "properties": { "Nome": "DIONISIO CERQUEIRA", "UF": "SC", "Situação": "Operante", "Latitude": -26.286562, "Longitude": -53.633114, "Altitude": 807.54, "Data de Instalação": "30/05/2008", "Código": "A848" }, "geometry": { "type": "Point", "coordinates": [ -53.633114, -26.286562, 0.0 ] } },
{ "type": "Feature", "properties": { "Nome": "DIVINOPOLIS", "UF": "MG", "Situação": "Operante", "Latitude": -20.173333, "Longitude": -44.875, "Altitude": 796.0, "Data de Instalação": "25/10/2017", "Código": "A564" }, "geometry": { "type": "Point", "coordinates": [ -44.875, -20.173333, 0.0 ] } },
{ "type": "Feature", "properties": { "Nome": "DOIS VIZINHOS", "UF": "PR", "Situação": "Operante", "Latitude": -25.699167, "Longitude": -53.095278, "Altitude": 545.95, "Data de Instalação": "28/03/2007", "Código": "A843" }, "geometry": { "type": "Point", "coordinates": [ -53.095278, -25.699167, 0.0 ] } },
{ "type": "Feature", "properties": { "Nome": "DOM ELISEU", "UF": "PA", "Situação": "Operante", "Latitude": -4.280556, "Longitude": -47.563889, "Altitude": 251.0, "Data de Instalação": "07/03/2018", "Código": "A252" }, "geometry": { "type": "Point", "coordinates": [ -47.563889, -4.280556, 0.0 ] } },
{ "type": "Feature", "properties": { "Nome": "DOM PEDRITO", "UF": "RS", "Situação": "Operante", "Latitude": -31.0025, "Longitude": -54.618056, "Altitude": 150.0, "Data de Instalação": "22/04/2010", "Código": "A881" }, "geometry": { "type": "Point", "coordinates": [ -54.618056, -31.0025, 0.0 ] } },
{ "type": "Feature", "properties": { "Nome": "DORES DO INDAIA", "UF": "MG", "Situação": "Operante", "Latitude": -19.481944, "Longitude": -45.593889, "Altitude": 721.09, "Data de Instalação": "31/05/2007", "Código": "A536" }, "geometry": { "type": "Point", "coordinates": [ -45.593889, -19.481944, 0.0 ] } },
{ "type": "Feature", "properties": { "Nome": "DOURADOS", "UF": "MS", "Situação": "Operante", "Latitude": -22.193889, "Longitude": -54.911389, "Altitude": 463.3, "Data de Instalação": "17/10/2006", "Código": "A721" }, "geometry": { "type": "Point", "coordinates": [ -54.911389, -22.193889, 0.0 ] } },
{ "type": "Feature", "properties": { "Nome": "DUQUE DE CAXIAS - XEREM", "UF": "RJ", "Situação": "Operante", "Latitude": -22.589722, "Longitude": -43.282222, "Altitude": 22.0, "Data de Instalação": "20/10/2002", "Código": "A603" }, "geometry": { "type": "Point", "coordinates": [ -43.282222, -22.589722, 0.0 ] } },
{ "type": "Feature", "properties": { "Nome": "EDEIA", "UF": "GO", "Situação": "Operante", "Latitude": -17.336944, "Longitude": -49.914722, "Altitude": 608.0, "Data de Instalação": "25/08/2017", "Código": "A029" }, "geometry": { "type": "Point", "coordinates": [ -49.914722, -17.336944, 0.0 ] } },
{ "type": "Feature", "properties": { "Nome": "ENCRUZILHADA DO SUL", "UF": "RS", "Situação": "Operante", "Latitude": -30.543056, "Longitude": -52.524722, "Altitude": 427.75, "Data de Instalação": "14/03/2018", "Código": "A893" }, "geometry": { "type": "Point", "coordinates": [ -52.524722, -30.543056, 0.0 ] } },
{ "type": "Feature", "properties": { "Nome": "ERECHIM", "UF": "RS", "Situação": "Operante", "Latitude": -27.657778, "Longitude": -52.305833, "Altitude": 777.08, "Data de Instalação": "24/11/2006", "Código": "A828" }, "geometry": { "type": "Point", "coordinates": [ -52.305833, -27.657778, 0.0 ] } },
{ "type": "Feature", "properties": { "Nome": "ESPERANCA DO SUL", "UF": "RS", "Situação": "Operante", "Latitude": -27.374167, "Longitude": -53.969167, "Altitude": 409.0, "Data de Instalação": "11/12/2025", "Código": "B845" }, "geometry": { "type": "Point", "coordinates": [ -53.969167, -27.374167, 0.0 ] } },
{ "type": "Feature", "properties": { "Nome": "ESPIGAO DO LESTE", "UF": "MT", "Situação": "Operante", "Latitude": -11.426667, "Longitude": -52.185833, "Altitude": 380.0, "Data de Instalação": "12/03/2026", "Código": "A970" }, "geometry": { "type": "Point", "coordinates": [ -52.185833, -11.426667, 0.0 ] } },
{ "type": "Feature", "properties": { "Nome": "ESPINOSA", "UF": "MG", "Situação": "Operante", "Latitude": -14.912222, "Longitude": -42.808611, "Altitude": 565.36, "Data de Instalação": "13/11/2007", "Código": "A543" }, "geometry": { "type": "Point", "coordinates": [ -42.808611, -14.912222, 0.0 ] } },
{ "type": "Feature", "properties": { "Nome": "ESTREITO", "UF": "MA", "Situação": "Operante", "Latitude": -6.653333, "Longitude": -47.418333, "Altitude": 182.96, "Data de Instalação": "26/02/2008", "Código": "A224" }, "geometry": { "type": "Point", "coordinates": [ -47.418333, -6.653333, 0.0 ] } },
{ "type": "Feature", "properties": { "Nome": "EUCLIDES DA CUNHA", "UF": "BA", "Situação": "Operante", "Latitude": -10.537222, "Longitude": -38.996667, "Altitude": 431.96, "Data de Instalação": "30/03/2008", "Código": "A442" }, "geometry": { "type": "Point", "coordinates": [ -38.996667, -10.537222, 0.0 ] } },
{ "type": "Feature", "properties": { "Nome": "FAXINAL DO SOTURNO", "UF": "RS", "Situação": "Operante", "Latitude": -29.5875, "Longitude": -53.4275, "Altitude": 70.0, "Data de Instalação": "10/03/2026", "Código": "B854" }, "geometry": { "type": "Point", "coordinates": [ -53.4275, -29.5875, 0.0 ] } },
{ "type": "Feature", "properties": { "Nome": "FEIJO", "UF": "AC", "Situação": "Operante", "Latitude": -8.142778, "Longitude": -70.343611, "Altitude": 157.17, "Data de Instalação": "23/09/2009", "Código": "A138" }, "geometry": { "type": "Point", "coordinates": [ -70.343611, -8.142778, 0.0 ] } },
{ "type": "Feature", "properties": { "Nome": "FELIZ NATAL", "UF": "MT", "Situação": "Operante", "Latitude": -12.396944, "Longitude": -54.93, "Altitude": 373.0, "Data de Instalação": "11/12/2025", "Código": "A951" }, "geometry": { "type": "Point", "coordinates": [ -54.93, -12.396944, 0.0 ] } },
{ "type": "Feature", "properties": { "Nome": "FLORESTAL", "UF": "MG", "Situação": "Operante", "Latitude": -19.885278, "Longitude": -44.416944, "Altitude": 753.5, "Data de Instalação": "26/06/2008", "Código": "A535" }, "geometry": { "type": "Point", "coordinates": [ -44.416944, -19.885278, 0.0 ] } },
{ "type": "Feature", "properties": { "Nome": "FORMIGA", "UF": "MG", "Situação": "Operante", "Latitude": -20.455, "Longitude": -45.453889, "Altitude": 878.14, "Data de Instalação": "16/08/2006", "Código": "A524" }, "geometry": { "type": "Point", "coordinates": [ -45.453889, -20.455, 0.0 ] } },
{ "type": "Feature", "properties": { "Nome": "FORMOSO DO ARAGUAIA", "UF": "TO", "Situação": "Operante", "Latitude": -11.8875, "Longitude": -49.608333, "Altitude": 215.2, "Data de Instalação": "26/04/2008", "Código": "A039" }, "geometry": { "type": "Point", "coordinates": [ -49.608333, -11.8875, 0.0 ] } },
{ "type": "Feature", "properties": { "Nome": "FRANCA", "UF": "SP", "Situação": "Operante", "Latitude": -20.584444, "Longitude": -47.3825, "Altitude": 1002.74, "Data de Instalação": "11/12/2002", "Código": "A708" }, "geometry": { "type": "Point", "coordinates": [ -47.3825, -20.584444, 0.0 ] } },
{ "type": "Feature", "properties": { "Nome": "FREDERICO WESTPHALEN", "UF": "RS", "Situação": "Operante", "Latitude": -27.395556, "Longitude": -53.429444, "Altitude": 489.42, "Data de Instalação": "13/12/2007", "Código": "A854" }, "geometry": { "type": "Point", "coordinates": [ -53.429444, -27.395556, 0.0 ] } },
{ "type": "Feature", "properties": { "Nome": "GAMA (PONTE ALTA)", "UF": "DF", "Situação": "Operante", "Latitude": -15.935278, "Longitude": -48.1375, "Altitude": 990.0, "Data de Instalação": "30/09/2014", "Código": "A046" }, "geometry": { "type": "Point", "coordinates": [ -48.1375, -15.935278, 0.0 ] } },
{ "type": "Feature", "properties": { "Nome": "GARANHUNS", "UF": "PE", "Situação": "Operante", "Latitude": -8.910833, "Longitude": -36.493333, "Altitude": 827.78, "Data de Instalação": "07/07/2007", "Código": "A322" }, "geometry": { "type": "Point", "coordinates": [ -36.493333, -8.910833, 0.0 ] } },
{ "type": "Feature", "properties": { "Nome": "GAUCHA DO NORTE", "UF": "MT", "Situação": "Operante", "Latitude": -13.184722, "Longitude": -53.2575, "Altitude": 375.87, "Data de Instalação": "03/06/2008", "Código": "A930" }, "geometry": { "type": "Point", "coordinates": [ -53.2575, -13.184722, 0.0 ] } },
{ "type": "Feature", "properties": { "Nome": "GENERAL CARNEIRO", "UF": "PR", "Situação": "Operante", "Latitude": -26.398611, "Longitude": -51.353611, "Altitude": 1009.01, "Data de Instalação": "29/04/2008", "Código": "A875" }, "geometry": { "type": "Point", "coordinates": [ -51.353611, -26.398611, 0.0 ] } },
{ "type": "Feature", "properties": { "Nome": "GOIANESIA", "UF": "GO", "Situação": "Operante", "Latitude": -15.220278, "Longitude": -48.99, "Altitude": 667.01, "Data de Instalação": "01/06/2007", "Código": "A022" }, "geometry": { "type": "Point", "coordinates": [ -48.99, -15.220278, 0.0 ] } },
{ "type": "Feature", "properties": { "Nome": "GOIANIA", "UF": "GO", "Situação": "Operante", "Latitude": -16.642778, "Longitude": -49.220278, "Altitude": 727.3, "Data de Instalação": "28/05/2001", "Código": "A002" }, "geometry": { "type": "Point", "coordinates": [ -49.220278, -16.642778, 0.0 ] } },
{ "type": "Feature", "properties": { "Nome": "GOIAS", "UF": "GO", "Situação": "Operante", "Latitude": -15.939722, "Longitude": -50.141389, "Altitude": 512.86, "Data de Instalação": "17/07/2007", "Código": "A014" }, "geometry": { "type": "Point", "coordinates": [ -50.141389, -15.939722, 0.0 ] } },
{ "type": "Feature", "properties": { "Nome": "GOIOERE", "UF": "PR", "Situação": "Operante", "Latitude": -24.183889, "Longitude": -53.048889, "Altitude": 481.0, "Data de Instalação": "18/10/2006", "Código": "A825" }, "geometry": { "type": "Point", "coordinates": [ -53.048889, -24.183889, 0.0 ] } },
{ "type": "Feature", "properties": { "Nome": "GOVERNADOR VALADARES", "UF": "MG", "Situação": "Operante", "Latitude": -18.830278, "Longitude": -41.976944, "Altitude": 198.24, "Data de Instalação": "26/05/2007", "Código": "A532" }, "geometry": { "type": "Point", "coordinates": [ -41.976944, -18.830278, 0.0 ] } },
{ "type": "Feature", "properties": { "Nome": "GUANAMBI", "UF": "BA", "Situação": "Operante", "Latitude": -14.208056, "Longitude": -42.749722, "Altitude": 552.23, "Data de Instalação": "23/04/2008", "Código": "A426" }, "geometry": { "type": "Point", "coordinates": [ -42.749722, -14.208056, 0.0 ] } },
{ "type": "Feature", "properties": { "Nome": "GUARAMIRANGA", "UF": "CE", "Situação": "Operante", "Latitude": -4.229167, "Longitude": -38.958889, "Altitude": 865.53, "Data de Instalação": "25/05/2007", "Código": "A314" }, "geometry": { "type": "Point", "coordinates": [ -38.958889, -4.229167, 0.0 ] } },
{ "type": "Feature", "properties": { "Nome": "GUARDA-MOR", "UF": "MG", "Situação": "Operante", "Latitude": -17.561389, "Longitude": -47.199167, "Altitude": 997.01, "Data de Instalação": "10/07/2007", "Código": "A546" }, "geometry": { "type": "Point", "coordinates": [ -47.199167, -17.561389, 0.0 ] } },
{ "type": "Feature", "properties": { "Nome": "GUIRATINGA", "UF": "MT", "Situação": "Operante", "Latitude": -16.341667, "Longitude": -53.766111, "Altitude": 525.43, "Data de Instalação": "23/01/2008", "Código": "A932" }, "geometry": { "type": "Point", "coordinates": [ -53.766111, -16.341667, 0.0 ] } },
{ "type": "Feature", "properties": { "Nome": "HERVAL", "UF": "RS", "Situação": "Operante", "Latitude": -32.012778, "Longitude": -53.403056, "Altitude": 331.0, "Data de Instalação": "16/09/2025", "Código": "B826" }, "geometry": { "type": "Point", "coordinates": [ -53.403056, -32.012778, 0.0 ] } },
{ "type": "Feature", "properties": { "Nome": "HUMAITA", "UF": "AM", "Situação": "Operante", "Latitude": -7.5525, "Longitude": -63.071389, "Altitude": 53.56, "Data de Instalação": "24/04/2008", "Código": "A112" }, "geometry": { "type": "Point", "coordinates": [ -63.071389, -7.5525, 0.0 ] } },
{ "type": "Feature", "properties": { "Nome": "IBIRUBA", "UF": "RS", "Situação": "Operante", "Latitude": -28.653333, "Longitude": -53.111944, "Altitude": 455.27, "Data de Instalação": "12/12/2012", "Código": "A883" }, "geometry": { "type": "Point", "coordinates": [ -53.111944, -28.653333, 0.0 ] } },
{ "type": "Feature", "properties": { "Nome": "IBITINGA", "UF": "SP", "Situação": "Operante", "Latitude": -21.855556, "Longitude": -48.799722, "Altitude": 496.75, "Data de Instalação": "08/11/2007", "Código": "A737" }, "geometry": { "type": "Point", "coordinates": [ -48.799722, -21.855556, 0.0 ] } },
{ "type": "Feature", "properties": { "Nome": "IGUAPE", "UF": "SP", "Situação": "Operante", "Latitude": -24.671667, "Longitude": -47.545833, "Altitude": 2.7, "Data de Instalação": "19/07/2006", "Código": "A712" }, "geometry": { "type": "Point", "coordinates": [ -47.545833, -24.671667, 0.0 ] } },
{ "type": "Feature", "properties": { "Nome": "IGUATU", "UF": "CE", "Situação": "Operante", "Latitude": -6.396389, "Longitude": -39.268889, "Altitude": 221.56, "Data de Instalação": "29/05/2007", "Código": "A319" }, "geometry": { "type": "Point", "coordinates": [ -39.268889, -6.396389, 0.0 ] } },
{ "type": "Feature", "properties": { "Nome": "IMPERATRIZ", "UF": "MA", "Situação": "Operante", "Latitude": -5.555833, "Longitude": -47.459722, "Altitude": 117.96, "Data de Instalação": "29/02/2008", "Código": "A225" }, "geometry": { "type": "Point", "coordinates": [ -47.459722, -5.555833, 0.0 ] } },
{ "type": "Feature", "properties": { "Nome": "IPANGUACU", "UF": "RN", "Situação": "Operante", "Latitude": -5.535, "Longitude": -36.872222, "Altitude": 19.0, "Data de Instalação": "07/11/2017", "Código": "A372" }, "geometry": { "type": "Point", "coordinates": [ -36.872222, -5.535, 0.0 ] } },
{ "type": "Feature", "properties": { "Nome": "IPERO", "UF": "SP", "Situação": "Operante", "Latitude": -23.426111, "Longitude": -47.585556, "Altitude": 609.33, "Data de Instalação": "21/08/2006", "Código": "A713" }, "geometry": { "type": "Point", "coordinates": [ -47.585556, -23.426111, 0.0 ] } },
{ "type": "Feature", "properties": { "Nome": "IPORA", "UF": "GO", "Situação": "Operante", "Latitude": -16.423056, "Longitude": -51.148889, "Altitude": 610.41, "Data de Instalação": "23/06/2013", "Código": "A028" }, "geometry": { "type": "Point", "coordinates": [ -51.148889, -16.423056, 0.0 ] } },
{ "type": "Feature", "properties": { "Nome": "IRECE", "UF": "BA", "Situação": "Operante", "Latitude": -11.328889, "Longitude": -41.864444, "Altitude": 768.42, "Data de Instalação": "30/03/2008", "Código": "A424" }, "geometry": { "type": "Point", "coordinates": [ -41.864444, -11.328889, 0.0 ] } },
{ "type": "Feature", "properties": { "Nome": "ITABAIANINHA", "UF": "SE", "Situação": "Operante", "Latitude": -11.2725, "Longitude": -37.795, "Altitude": 204.8, "Data de Instalação": "22/05/2007", "Código": "A417" }, "geometry": { "type": "Point", "coordinates": [ -37.795, -11.2725, 0.0 ] } },
{ "type": "Feature", "properties": { "Nome": "ITABERABA", "UF": "BA", "Situação": "Operante", "Latitude": -12.524167, "Longitude": -40.299722, "Altitude": 250.11, "Data de Instalação": "28/01/2003", "Código": "A408" }, "geometry": { "type": "Point", "coordinates": [ -40.299722, -12.524167, 0.0 ] } },
{ "type": "Feature", "properties": { "Nome": "ITACOATIARA", "UF": "AM", "Situação": "Operante", "Latitude": -3.133333, "Longitude": -58.482778, "Altitude": 41.54, "Data de Instalação": "16/04/2008", "Código": "A121" }, "geometry": { "type": "Point", "coordinates": [ -58.482778, -3.133333, 0.0 ] } },
{ "type": "Feature", "properties": { "Nome": "ITAITUBA", "UF": "PA", "Situação": "Operante", "Latitude": -4.276944, "Longitude": -55.993056, "Altitude": 24.46, "Data de Instalação": "16/02/2008", "Código": "A231" }, "geometry": { "type": "Point", "coordinates": [ -55.993056, -4.276944, 0.0 ] } },
{ "type": "Feature", "properties": { "Nome": "ITAJAI", "UF": "SC", "Situação": "Operante", "Latitude": -26.950833, "Longitude": -48.761944, "Altitude": 9.76, "Data de Instalação": "23/06/2010", "Código": "A868" }, "geometry": { "type": "Point", "coordinates": [ -48.761944, -26.950833, 0.0 ] } },
{ "type": "Feature", "properties": { "Nome": "ITANHANGA", "UF": "MT", "Situação": "Operante", "Latitude": -12.234167, "Longitude": -56.602222, "Altitude": 350.0, "Data de Instalação": "30/11/2025", "Código": "A950" }, "geometry": { "type": "Point", "coordinates": [ -56.602222, -12.234167, 0.0 ] } },
{ "type": "Feature", "properties": { "Nome": "ITAPEVA", "UF": "SP", "Situação": "Operante", "Latitude": -23.981944, "Longitude": -48.885833, "Altitude": 743.33, "Data de Instalação": "24/07/2006", "Código": "A714" }, "geometry": { "type": "Point", "coordinates": [ -48.885833, -23.981944, 0.0 ] } },
{ "type": "Feature", "properties": { "Nome": "ITAPIRA", "UF": "SP", "Situação": "Operante", "Latitude": -22.415, "Longitude": -46.805278, "Altitude": 634.89, "Data de Instalação": "04/11/2007", "Código": "A739" }, "geometry": { "type": "Point", "coordinates": [ -46.805278, -22.415, 0.0 ] } },
{ "type": "Feature", "properties": { "Nome": "ITAQUI", "UF": "RS", "Situação": "Operante", "Latitude": -29.155556, "Longitude": -56.555556, "Altitude": 71.0, "Data de Instalação": "27/01/2026", "Código": "B850" }, "geometry": { "type": "Point", "coordinates": [ -56.555556, -29.155556, 0.0 ] } },
{ "type": "Feature", "properties": { "Nome": "ITIQUIRA", "UF": "MT", "Situação": "Operante", "Latitude": -17.175, "Longitude": -54.501667, "Altitude": 593.12, "Data de Instalação": "13/08/2008", "Código": "A933" }, "geometry": { "type": "Point", "coordinates": [ -54.501667, -17.175, 0.0 ] } },
{ "type": "Feature", "properties": { "Nome": "ITUIUTABA", "UF": "MG", "Situação": "Operante", "Latitude": -18.952778, "Longitude": -49.525, "Altitude": 540.08, "Data de Instalação": "11/05/2006", "Código": "A512" }, "geometry": { "type": "Point", "coordinates": [ -49.525, -18.952778, 0.0 ] } },
{ "type": "Feature", "properties": { "Nome": "ITUMBIARA", "UF": "GO", "Situação": "Operante", "Latitude": -18.409722, "Longitude": -49.191944, "Altitude": 491.17, "Data de Instalação": "31/10/2007", "Código": "A035" }, "geometry": { "type": "Point", "coordinates": [ -49.191944, -18.409722, 0.0 ] } },
{ "type": "Feature", "properties": { "Nome": "ITUPORANGA", "UF": "SC", "Situação": "Operante", "Latitude": -27.418333, "Longitude": -49.646944, "Altitude": 479.79, "Data de Instalação": "03/03/2008", "Código": "A863" }, "geometry": { "type": "Point", "coordinates": [ -49.646944, -27.418333, 0.0 ] } },
{ "type": "Feature", "properties": { "Nome": "ITUVERAVA", "UF": "SP", "Situação": "Operante", "Latitude": -20.359722, "Longitude": -47.775278, "Altitude": 610.58, "Data de Instalação": "16/07/2008", "Código": "A753" }, "geometry": { "type": "Point", "coordinates": [ -47.775278, -20.359722, 0.0 ] } },
{ "type": "Feature", "properties": { "Nome": "IVAI", "UF": "PR", "Situação": "Operante", "Latitude": -25.010833, "Longitude": -50.853889, "Altitude": 803.58, "Data de Instalação": "10/07/2006", "Código": "A818" }, "geometry": { "type": "Point", "coordinates": [ -50.853889, -25.010833, 0.0 ] } },
{ "type": "Feature", "properties": { "Nome": "IVINHEMA", "UF": "MS", "Situação": "Operante", "Latitude": -22.300556, "Longitude": -53.822778, "Altitude": 377.36, "Data de Instalação": "07/02/2003", "Código": "A709" }, "geometry": { "type": "Point", "coordinates": [ -53.822778, -22.300556, 0.0 ] } },
{ "type": "Feature", "properties": { "Nome": "JAGUARAO", "UF": "RS", "Situação": "Operante", "Latitude": -32.534722, "Longitude": -53.375833, "Altitude": 31.48, "Data de Instalação": "08/01/2007", "Código": "A836" }, "geometry": { "type": "Point", "coordinates": [ -53.375833, -32.534722, 0.0 ] } },
{ "type": "Feature", "properties": { "Nome": "JALES", "UF": "SP", "Situação": "Operante", "Latitude": -20.165, "Longitude": -50.595, "Altitude": 460.44, "Data de Instalação": "21/08/2007", "Código": "A733" }, "geometry": { "type": "Point", "coordinates": [ -50.595, -20.165, 0.0 ] } },
{ "type": "Feature", "properties": { "Nome": "JANUARIA", "UF": "MG", "Situação": "Operante", "Latitude": -15.448056, "Longitude": -44.366389, "Altitude": 468.0, "Data de Instalação": "22/06/2016", "Código": "A559" }, "geometry": { "type": "Point", "coordinates": [ -44.366389, -15.448056, 0.0 ] } },
{ "type": "Feature", "properties": { "Nome": "JAPIRA", "UF": "PR", "Situação": "Operante", "Latitude": -23.773333, "Longitude": -50.180556, "Altitude": 692.88, "Data de Instalação": "28/02/2008", "Código": "A871" }, "geometry": { "type": "Point", "coordinates": [ -50.180556, -23.773333, 0.0 ] } },
{ "type": "Feature", "properties": { "Nome": "JARDIM", "UF": "MS", "Situação": "Operante", "Latitude": -21.478611, "Longitude": -56.137778, "Altitude": 252.47, "Data de Instalação": "03/08/2011", "Código": "A758" }, "geometry": { "type": "Point", "coordinates": [ -56.137778, -21.478611, 0.0 ] } },
{ "type": "Feature", "properties": { "Nome": "JATAI", "UF": "GO", "Situação": "Operante", "Latitude": -17.923611, "Longitude": -51.7175, "Altitude": 670.08, "Data de Instalação": "22/05/2007", "Código": "A016" }, "geometry": { "type": "Point", "coordinates": [ -51.7175, -17.923611, 0.0 ] } },
{ "type": "Feature", "properties": { "Nome": "JOAO PINHEIRO", "UF": "MG", "Situação": "Operante", "Latitude": -17.784444, "Longitude": -46.119444, "Altitude": 877.05, "Data de Instalação": "06/07/2007", "Código": "A553" }, "geometry": { "type": "Point", "coordinates": [ -46.119444, -17.784444, 0.0 ] } },
{ "type": "Feature", "properties": { "Nome": "JOAQUIM TAVORA", "UF": "PR", "Situação": "Operante", "Latitude": -23.505278, "Longitude": -49.946389, "Altitude": 512.67, "Data de Instalação": "22/11/2006", "Código": "A821" }, "geometry": { "type": "Point", "coordinates": [ -49.946389, -23.505278, 0.0 ] } },
{ "type": "Feature", "properties": { "Nome": "JOIA", "UF": "RS", "Situação": "Operante", "Latitude": -28.650278, "Longitude": -54.112778, "Altitude": 0.0, "Data de Instalação": "12/10/2025", "Código": "B835" }, "geometry": { "type": "Point", "coordinates": [ -54.112778, -28.650278, 0.0 ] } },
{ "type": "Feature", "properties": { "Nome": "JOSE BONIFACIO", "UF": "SP", "Situação": "Operante", "Latitude": -21.085556, "Longitude": -49.920278, "Altitude": 408.35, "Data de Instalação": "02/09/2007", "Código": "A735" }, "geometry": { "type": "Point", "coordinates": [ -49.920278, -21.085556, 0.0 ] } },
{ "type": "Feature", "properties": { "Nome": "JUIZ DE FORA", "UF": "MG", "Situação": "Operante", "Latitude": -21.77, "Longitude": -43.364444, "Altitude": 936.88, "Data de Instalação": "25/05/2007", "Código": "A518" }, "geometry": { "type": "Point", "coordinates": [ -43.364444, -21.77, 0.0 ] } },
{ "type": "Feature", "properties": { "Nome": "LAGES", "UF": "SC", "Situação": "Operante", "Latitude": -27.802222, "Longitude": -50.335556, "Altitude": 952.7, "Data de Instalação": "05/11/2014", "Código": "A865" }, "geometry": { "type": "Point", "coordinates": [ -50.335556, -27.802222, 0.0 ] } },
{ "type": "Feature", "properties": { "Nome": "LAGOA DA CONFUSAO", "UF": "TO", "Situação": "Operante", "Latitude": -10.828286, "Longitude": -49.847882, "Altitude": 178.0, "Data de Instalação": "14/11/2016", "Código": "A055" }, "geometry": { "type": "Point", "coordinates": [ -49.847882, -10.828286, 0.0 ] } },
{ "type": "Feature", "properties": { "Nome": "LAGOA VERMELHA", "UF": "RS", "Situação": "Operante", "Latitude": -28.2225, "Longitude": -51.512778, "Altitude": 833.83, "Data de Instalação": "01/03/2007", "Código": "A844" }, "geometry": { "type": "Point", "coordinates": [ -51.512778, -28.2225, 0.0 ] } },
{ "type": "Feature", "properties": { "Nome": "LAVRAS DO SUL", "UF": "RS", "Situação": "Operante", "Latitude": -30.788611, "Longitude": -53.894167, "Altitude": 390.0, "Data de Instalação": "29/04/2026", "Código": "B853" }, "geometry": { "type": "Point", "coordinates": [ -53.894167, -30.788611, 0.0 ] } },
{ "type": "Feature", "properties": { "Nome": "LINHARES", "UF": "ES", "Situação": "Operante", "Latitude": -19.356944, "Longitude": -40.068611, "Altitude": 40.0, "Data de Instalação": "26/10/2006", "Código": "A614" }, "geometry": { "type": "Point", "coordinates": [ -40.068611, -19.356944, 0.0 ] } },
{ "type": "Feature", "properties": { "Nome": "LUCAS DO RIO VERDE", "UF": "MT", "Situação": "Operante", "Latitude": -13.075, "Longitude": -55.911389, "Altitude": 393.0, "Data de Instalação": "02/12/2025", "Código": "A955" }, "geometry": { "type": "Point", "coordinates": [ -55.911389, -13.075, 0.0 ] } },
{ "type": "Feature", "properties": { "Nome": "LUIS EDUARDO MAGALHAES", "UF": "BA", "Situação": "Operante", "Latitude": -12.085, "Longitude": -45.705278, "Altitude": 748.0, "Data de Instalação": "17/04/2002", "Código": "A404" }, "geometry": { "type": "Point", "coordinates": [ -45.705278, -12.085, 0.0 ] } },
{ "type": "Feature", "properties": { "Nome": "LUZIANIA", "UF": "GO", "Situação": "Operante", "Latitude": -16.260556, "Longitude": -47.966944, "Altitude": 1000.82, "Data de Instalação": "20/10/2006", "Código": "A012" }, "geometry": { "type": "Point", "coordinates": [ -47.966944, -16.260556, 0.0 ] } },
{ "type": "Feature", "properties": { "Nome": "MACAE", "UF": "RJ", "Situação": "Operante", "Latitude": -22.376111, "Longitude": -41.811944, "Altitude": 28.0, "Data de Instalação": "21/09/2006", "Código": "A608" }, "geometry": { "type": "Point", "coordinates": [ -41.811944, -22.376111, 0.0 ] } },
{ "type": "Feature", "properties": { "Nome": "MACAMBARA", "UF": "RS", "Situação": "Operante", "Latitude": -29.155278, "Longitude": -56.178611, "Altitude": 95.0, "Data de Instalação": "28/04/2026", "Código": "B851" }, "geometry": { "type": "Point", "coordinates": [ -56.178611, -29.155278, 0.0 ] } },
{ "type": "Feature", "properties": { "Nome": "MACAPA", "UF": "AP", "Situação": "Operante", "Latitude": 0.035, "Longitude": -51.088889, "Altitude": 16.62, "Data de Instalação": "11/12/2013", "Código": "A249" }, "geometry": { "type": "Point", "coordinates": [ -51.088889, 0.035, 0.0 ] } },
{ "type": "Feature", "properties": { "Nome": "MACEIO", "UF": "AL", "Situação": "Operante", "Latitude": -9.551111, "Longitude": -35.770278, "Altitude": 84.12, "Data de Instalação": "24/02/2003", "Código": "A303" }, "geometry": { "type": "Point", "coordinates": [ -35.770278, -9.551111, 0.0 ] } },
{ "type": "Feature", "properties": { "Nome": "MACHADO", "UF": "MG", "Situação": "Operante", "Latitude": -21.680833, "Longitude": -45.944444, "Altitude": 969.0, "Data de Instalação": "20/07/2017", "Código": "A567" }, "geometry": { "type": "Point", "coordinates": [ -45.944444, -21.680833, 0.0 ] } },
{ "type": "Feature", "properties": { "Nome": "MAJOR VIEIRA", "UF": "SC", "Situação": "Operante", "Latitude": -26.393611, "Longitude": -50.363333, "Altitude": 799.58, "Data de Instalação": "08/02/2009", "Código": "A864" }, "geometry": { "type": "Point", "coordinates": [ -50.363333, -26.393611, 0.0 ] } },
{ "type": "Feature", "properties": { "Nome": "MAL. CANDIDO RONDON", "UF": "PR", "Situação": "Operante", "Latitude": -24.533333, "Longitude": -54.019167, "Altitude": 392.07, "Data de Instalação": "17/11/2006", "Código": "A820" }, "geometry": { "type": "Point", "coordinates": [ -54.019167, -24.533333, 0.0 ] } },
{ "type": "Feature", "properties": { "Nome": "MANACAPURU", "UF": "AM", "Situação": "Operante", "Latitude": -3.294722, "Longitude": -60.628333, "Altitude": 36.57, "Data de Instalação": "09/04/2008", "Código": "A119" }, "geometry": { "type": "Point", "coordinates": [ -60.628333, -3.294722, 0.0 ] } },
{ "type": "Feature", "properties": { "Nome": "MANAUS", "UF": "AM", "Situação": "Operante", "Latitude": -3.103333, "Longitude": -60.016389, "Altitude": 61.25, "Data de Instalação": "08/05/2000", "Código": "A101" }, "geometry": { "type": "Point", "coordinates": [ -60.016389, -3.103333, 0.0 ] } },
{ "type": "Feature", "properties": { "Nome": "MANHUACU", "UF": "MG", "Situação": "Operante", "Latitude": -20.263333, "Longitude": -42.182778, "Altitude": 819.47, "Data de Instalação": "24/09/2010", "Código": "A556" }, "geometry": { "type": "Point", "coordinates": [ -42.182778, -20.263333, 0.0 ] } },
{ "type": "Feature", "properties": { "Nome": "MANICORE", "UF": "AM", "Situação": "Operante", "Latitude": -5.788611, "Longitude": -61.288333, "Altitude": 40.64, "Data de Instalação": "11/12/2011", "Código": "A133" }, "geometry": { "type": "Point", "coordinates": [ -61.288333, -5.788611, 0.0 ] } },
{ "type": "Feature", "properties": { "Nome": "MANTENA", "UF": "MG", "Situação": "Operante", "Latitude": -18.780556, "Longitude": -40.986389, "Altitude": 254.91, "Data de Instalação": "31/07/2007", "Código": "A540" }, "geometry": { "type": "Point", "coordinates": [ -40.986389, -18.780556, 0.0 ] } },
{ "type": "Feature", "properties": { "Nome": "MARACAJU", "UF": "MS", "Situação": "Operante", "Latitude": -21.609167, "Longitude": -55.1775, "Altitude": 388.94, "Data de Instalação": "14/12/2006", "Código": "A731" }, "geometry": { "type": "Point", "coordinates": [ -55.1775, -21.609167, 0.0 ] } },
{ "type": "Feature", "properties": { "Nome": "MARCELANDIA", "UF": "MT", "Situação": "Operante", "Latitude": -11.085, "Longitude": -54.513889, "Altitude": 291.0, "Data de Instalação": "13/12/2025", "Código": "A946" }, "geometry": { "type": "Point", "coordinates": [ -54.513889, -11.085, 0.0 ] } },
{ "type": "Feature", "properties": { "Nome": "MARIA DA FE", "UF": "MG", "Situação": "Operante", "Latitude": -22.314444, "Longitude": -45.373056, "Altitude": 1281.43, "Data de Instalação": "30/11/2006", "Código": "A531" }, "geometry": { "type": "Point", "coordinates": [ -45.373056, -22.314444, 0.0 ] } },
{ "type": "Feature", "properties": { "Nome": "MARIANOPOLIS DO TO", "UF": "TO", "Situação": "Operante", "Latitude": -9.576389, "Longitude": -49.723333, "Altitude": 186.69, "Data de Instalação": "23/11/2012", "Código": "A041" }, "geometry": { "type": "Point", "coordinates": [ -49.723333, -9.576389, 0.0 ] } },
{ "type": "Feature", "properties": { "Nome": "MARILANDIA", "UF": "ES", "Situação": "Operante", "Latitude": -19.407222, "Longitude": -40.539722, "Altitude": 95.0, "Data de Instalação": "21/03/2017", "Código": "A632" }, "geometry": { "type": "Point", "coordinates": [ -40.539722, -19.407222, 0.0 ] } },
{ "type": "Feature", "properties": { "Nome": "MARILIA", "UF": "SP", "Situação": "Operante", "Latitude": -22.235278, "Longitude": -49.965, "Altitude": 660.0, "Data de Instalação": "14/05/2017", "Código": "A763" }, "geometry": { "type": "Point", "coordinates": [ -49.965, -22.235278, 0.0 ] } },
{ "type": "Feature", "properties": { "Nome": "MARINGA", "UF": "PR", "Situação": "Operante", "Latitude": -23.405278, "Longitude": -51.932778, "Altitude": 548.51, "Data de Instalação": "20/11/2006", "Código": "A835" }, "geometry": { "type": "Point", "coordinates": [ -51.932778, -23.405278, 0.0 ] } },
{ "type": "Feature", "properties": { "Nome": "MATEIROS", "UF": "TO", "Situação": "Operante", "Latitude": -10.434444, "Longitude": -45.921944, "Altitude": 791.0, "Data de Instalação": "24/10/2012", "Código": "A040" }, "geometry": { "type": "Point", "coordinates": [ -45.921944, -10.434444, 0.0 ] } },
{ "type": "Feature", "properties": { "Nome": "MINA DO PALITO", "UF": "PA", "Situação": "Operante", "Latitude": -6.32, "Longitude": -55.787778, "Altitude": 259.88, "Data de Instalação": "27/09/2010", "Código": "A246" }, "geometry": { "type": "Point", "coordinates": [ -55.787778, -6.32, 0.0 ] } },
{ "type": "Feature", "properties": { "Nome": "MINAS DO LEAO", "UF": "RS", "Situação": "Operante", "Latitude": -30.124444, "Longitude": -52.050833, "Altitude": 54.0, "Data de Instalação": "31/07/2025", "Código": "B813" }, "geometry": { "type": "Point", "coordinates": [ -52.050833, -30.124444, 0.0 ] } },
{ "type": "Feature", "properties": { "Nome": "MINEIROS", "UF": "GO", "Situação": "Operante", "Latitude": -17.454722, "Longitude": -52.601111, "Altitude": 862.0, "Data de Instalação": "23/11/2007", "Código": "A026" }, "geometry": { "type": "Point", "coordinates": [ -52.601111, -17.454722, 0.0 ] } },
{ "type": "Feature", "properties": { "Nome": "MIRANDA", "UF": "MS", "Situação": "Operante", "Latitude": -20.395556, "Longitude": -56.431667, "Altitude": 132.49, "Data de Instalação": "01/11/2006", "Código": "A722" }, "geometry": { "type": "Point", "coordinates": [ -56.431667, -20.395556, 0.0 ] } },
{ "type": "Feature", "properties": { "Nome": "MIRASSOL D'OESTE", "UF": "MT", "Situação": "Operante", "Latitude": -15.640278, "Longitude": -58.078889, "Altitude": 263.0, "Data de Instalação": "04/02/2026", "Código": "A961" }, "geometry": { "type": "Point", "coordinates": [ -58.078889, -15.640278, 0.0 ] } },
{ "type": "Feature", "properties": { "Nome": "MOCAMBINHO", "UF": "MG", "Situação": "Operante", "Latitude": -15.085833, "Longitude": -44.016111, "Altitude": 454.0, "Data de Instalação": "10/11/2007", "Código": "A539" }, "geometry": { "type": "Point", "coordinates": [ -44.016111, -15.085833, 0.0 ] } },
{ "type": "Feature", "properties": { "Nome": "MONTE ALEGRE DE GOIAS", "UF": "GO", "Situação": "Operante", "Latitude": -13.253611, "Longitude": -46.890278, "Altitude": 552.0, "Data de Instalação": "06/06/2007", "Código": "A032" }, "geometry": { "type": "Point", "coordinates": [ -46.890278, -13.253611, 0.0 ] } },
{ "type": "Feature", "properties": { "Nome": "MONTE VERDE", "UF": "MG", "Situação": "Operante", "Latitude": -22.861667, "Longitude": -46.043333, "Altitude": 1544.89, "Data de Instalação": "18/12/2004", "Código": "A509" }, "geometry": { "type": "Point", "coordinates": [ -46.043333, -22.861667, 0.0 ] } },
{ "type": "Feature", "properties": { "Nome": "MONTEIRO", "UF": "PB", "Situação": "Operante", "Latitude": -7.882778, "Longitude": -37.1275, "Altitude": 606.39, "Data de Instalação": "21/08/2007", "Código": "A334" }, "geometry": { "type": "Point", "coordinates": [ -37.1275, -7.882778, 0.0 ] } },
{ "type": "Feature", "properties": { "Nome": "MONTENEGRO", "UF": "RS", "Situação": "Operante", "Latitude": -29.758611, "Longitude": -51.436111, "Altitude": 15.0, "Data de Instalação": "31/07/2025", "Código": "B814" }, "geometry": { "type": "Point", "coordinates": [ -51.436111, -29.758611, 0.0 ] } },
{ "type": "Feature", "properties": { "Nome": "MONTES CLAROS", "UF": "MG", "Situação": "Operante", "Latitude": -16.686389, "Longitude": -43.843889, "Altitude": 645.87, "Data de Instalação": "18/12/2002", "Código": "A506" }, "geometry": { "type": "Point", "coordinates": [ -43.843889, -16.686389, 0.0 ] } },
{ "type": "Feature", "properties": { "Nome": "MORADA NOVA", "UF": "CE", "Situação": "Operante", "Latitude": -5.091111, "Longitude": -38.364722, "Altitude": 93.0, "Data de Instalação": "23/08/2007", "Código": "A332" }, "geometry": { "type": "Point", "coordinates": [ -38.364722, -5.091111, 0.0 ] } },
{ "type": "Feature", "properties": { "Nome": "MORRETES", "UF": "PR", "Situação": "Operante", "Latitude": -25.508889, "Longitude": -48.808611, "Altitude": 50.31, "Data de Instalação": "12/03/2008", "Código": "A873" }, "geometry": { "type": "Point", "coordinates": [ -48.808611, -25.508889, 0.0 ] } },
{ "type": "Feature", "properties": { "Nome": "MOSSORO", "UF": "RN", "Situação": "Operante", "Latitude": -4.904167, "Longitude": -37.366944, "Altitude": 29.44, "Data de Instalação": "21/05/2007", "Código": "A318" }, "geometry": { "type": "Point", "coordinates": [ -37.366944, -4.904167, 0.0 ] } },
{ "type": "Feature", "properties": { "Nome": "MOSTARDAS - BACUPARI", "UF": "RS", "Situação": "Operante", "Latitude": -30.506111, "Longitude": -50.42, "Altitude": 20.0, "Data de Instalação": "08/03/2026", "Código": "B862" }, "geometry": { "type": "Point", "coordinates": [ -50.42, -30.506111, 0.0 ] } },
{ "type": "Feature", "properties": { "Nome": "MUCUM", "UF": "RS", "Situação": "Operante", "Latitude": -29.153611, "Longitude": -51.865278, "Altitude": 197.0, "Data de Instalação": "23/02/2026", "Código": "B859" }, "geometry": { "type": "Point", "coordinates": [ -51.865278, -29.153611, 0.0 ] } },
{ "type": "Feature", "properties": { "Nome": "MURIAE", "UF": "MG", "Situação": "Operante", "Latitude": -21.105, "Longitude": -42.375833, "Altitude": 282.79, "Data de Instalação": "29/08/2006", "Código": "A517" }, "geometry": { "type": "Point", "coordinates": [ -42.375833, -21.105, 0.0 ] } },
{ "type": "Feature", "properties": { "Nome": "NATAL", "UF": "RN", "Situação": "Operante", "Latitude": -5.837222, "Longitude": -35.208056, "Altitude": 47.46, "Data de Instalação": "23/02/2003", "Código": "A304" }, "geometry": { "type": "Point", "coordinates": [ -35.208056, -5.837222, 0.0 ] } },
{ "type": "Feature", "properties": { "Nome": "NHUMIRIM", "UF": "MS", "Situação": "Operante", "Latitude": -18.988611, "Longitude": -56.622778, "Altitude": 102.26, "Data de Instalação": "01/08/2006", "Código": "A717" }, "geometry": { "type": "Point", "coordinates": [ -56.622778, -18.988611, 0.0 ] } },
{ "type": "Feature", "properties": { "Nome": "NITEROI", "UF": "RJ", "Situação": "Operante", "Latitude": -22.8675, "Longitude": -43.101944, "Altitude": 6.0, "Data de Instalação": "12/07/2018", "Código": "A627" }, "geometry": { "type": "Point", "coordinates": [ -43.101944, -22.8675, 0.0 ] } },
{ "type": "Feature", "properties": { "Nome": "NONOAI", "UF": "RS", "Situação": "Operante", "Latitude": -27.358611, "Longitude": -52.778056, "Altitude": 546.0, "Data de Instalação": "16/12/2025", "Código": "B846" }, "geometry": { "type": "Point", "coordinates": [ -52.778056, -27.358611, 0.0 ] } },
{ "type": "Feature", "properties": { "Nome": "NOVA CANAA DO NORTE", "UF": "MT", "Situação": "Operante", "Latitude": -10.624444, "Longitude": -55.724167, "Altitude": 270.0, "Data de Instalação": "15/12/2025", "Código": "A953" }, "geometry": { "type": "Point", "coordinates": [ -55.724167, -10.624444, 0.0 ] } },
{ "type": "Feature", "properties": { "Nome": "NOVA FRIBURGO - SALINAS", "UF": "RJ", "Situação": "Operante", "Latitude": -22.334722, "Longitude": -42.676944, "Altitude": 1070.0, "Data de Instalação": "17/09/2010", "Código": "A624" }, "geometry": { "type": "Point", "coordinates": [ -42.676944, -22.334722, 0.0 ] } },
{ "type": "Feature", "properties": { "Nome": "NOVA MARINGA", "UF": "MT", "Situação": "Operante", "Latitude": -13.038611, "Longitude": -57.092222, "Altitude": 334.36, "Data de Instalação": "15/04/2008", "Código": "A928" }, "geometry": { "type": "Point", "coordinates": [ -57.092222, -13.038611, 0.0 ] } },
{ "type": "Feature", "properties": { "Nome": "NOVA PORTEIRINHA (JANAUBA)", "UF": "MG", "Situação": "Operante", "Latitude": -15.802778, "Longitude": -43.296944, "Altitude": 532.0, "Data de Instalação": "18/11/2016", "Código": "A563" }, "geometry": { "type": "Point", "coordinates": [ -43.296944, -15.802778, 0.0 ] } },
{ "type": "Feature", "properties": { "Nome": "NOVA TEBAS", "UF": "PR", "Situação": "Operante", "Latitude": -24.433889, "Longitude": -51.953889, "Altitude": 660.0, "Data de Instalação": "20/12/2006", "Código": "A822" }, "geometry": { "type": "Point", "coordinates": [ -51.953889, -24.433889, 0.0 ] } },
{ "type": "Feature", "properties": { "Nome": "NOVA XAVANTINA", "UF": "MT", "Situação": "Operante", "Latitude": -14.697778, "Longitude": -52.350278, "Altitude": 306.0, "Data de Instalação": "02/12/2025", "Código": "A956" }, "geometry": { "type": "Point", "coordinates": [ -52.350278, -14.697778, 0.0 ] } },
{ "type": "Feature", "properties": { "Nome": "NOVO ARIPUANA", "UF": "AM", "Situação": "Operante", "Latitude": -8.091111, "Longitude": -60.380556, "Altitude": 45.0, "Data de Instalação": "17/07/2019", "Código": "A144" }, "geometry": { "type": "Point", "coordinates": [ -60.380556, -8.091111, 0.0 ] } },
{ "type": "Feature", "properties": { "Nome": "NOVO REPARTIMENTO", "UF": "PA", "Situação": "Operante", "Latitude": -4.243889, "Longitude": -49.939444, "Altitude": 100.76, "Data de Instalação": "22/07/2008", "Código": "A235" }, "geometry": { "type": "Point", "coordinates": [ -49.939444, -4.243889, 0.0 ] } },
{ "type": "Feature", "properties": { "Nome": "NOVO SANTO ANTONIO", "UF": "MT", "Situação": "Operante", "Latitude": -12.288056, "Longitude": -50.971389, "Altitude": 205.0, "Data de Instalação": "27/11/2025", "Código": "A947" }, "geometry": { "type": "Point", "coordinates": [ -50.971389, -12.288056, 0.0 ] } },
{ "type": "Feature", "properties": { "Nome": "OIAPOQUE", "UF": "AP", "Situação": "Operante", "Latitude": 3.813611, "Longitude": -51.8625, "Altitude": 15.14, "Data de Instalação": "10/09/2008", "Código": "A242" }, "geometry": { "type": "Point", "coordinates": [ -51.8625, 3.813611, 0.0 ] } },
{ "type": "Feature", "properties": { "Nome": "OURICURI", "UF": "PE", "Situação": "Operante", "Latitude": -7.885833, "Longitude": -40.102778, "Altitude": 457.85, "Data de Instalação": "10/08/2010", "Código": "A366" }, "geometry": { "type": "Point", "coordinates": [ -40.102778, -7.885833, 0.0 ] } },
{ "type": "Feature", "properties": { "Nome": "OURO BRANCO", "UF": "MG", "Situação": "Operante", "Latitude": -20.556667, "Longitude": -43.756111, "Altitude": 1048.2, "Data de Instalação": "27/07/2006", "Código": "A513" }, "geometry": { "type": "Point", "coordinates": [ -43.756111, -20.556667, 0.0 ] } },
{ "type": "Feature", "properties": { "Nome": "PACAJA", "UF": "PA", "Situação": "Operante", "Latitude": -3.843611, "Longitude": -50.638056, "Altitude": 89.02, "Data de Instalação": "26/02/2008", "Código": "A210" }, "geometry": { "type": "Point", "coordinates": [ -50.638056, -3.843611, 0.0 ] } },
{ "type": "Feature", "properties": { "Nome": "PALMARES", "UF": "PE", "Situação": "Operante", "Latitude": -8.666667, "Longitude": -35.568056, "Altitude": 164.01, "Data de Instalação": "03/09/2008", "Código": "A357" }, "geometry": { "type": "Point", "coordinates": [ -35.568056, -8.666667, 0.0 ] } },
{ "type": "Feature", "properties": { "Nome": "PALMARES DO SUL", "UF": "RS", "Situação": "Operante", "Latitude": -30.249167, "Longitude": -50.509167, "Altitude": 4.0, "Data de Instalação": "12/10/2025", "Código": "B836" }, "geometry": { "type": "Point", "coordinates": [ -50.509167, -30.249167, 0.0 ] } },
{ "type": "Feature", "properties": { "Nome": "PALMAS", "UF": "TO", "Situação": "Operante", "Latitude": -10.147778, "Longitude": -48.314444, "Altitude": 267.0, "Data de Instalação": "16/12/2004", "Código": "A009" }, "geometry": { "type": "Point", "coordinates": [ -48.314444, -10.147778, 0.0 ] } },
{ "type": "Feature", "properties": { "Nome": "PALMEIRA DAS MISSOES", "UF": "RS", "Situação": "Operante", "Latitude": -27.920278, "Longitude": -53.318056, "Altitude": 614.11, "Data de Instalação": "25/02/2008", "Código": "A856" }, "geometry": { "type": "Point", "coordinates": [ -53.318056, -27.920278, 0.0 ] } },
{ "type": "Feature", "properties": { "Nome": "PAO DE ACUCAR", "UF": "AL", "Situação": "Operante", "Latitude": -9.749167, "Longitude": -37.430833, "Altitude": 20.83, "Data de Instalação": "13/07/2007", "Código": "A323" }, "geometry": { "type": "Point", "coordinates": [ -37.430833, -9.749167, 0.0 ] } },
{ "type": "Feature", "properties": { "Nome": "PARACATU", "UF": "MG", "Situação": "Operante", "Latitude": -17.244444, "Longitude": -46.881667, "Altitude": 705.0, "Data de Instalação": "15/03/2018", "Código": "A571" }, "geometry": { "type": "Point", "coordinates": [ -46.881667, -17.244444, 0.0 ] } },
{ "type": "Feature", "properties": { "Nome": "PARAGOMINAS", "UF": "PA", "Situação": "Operante", "Latitude": -2.900556, "Longitude": -47.495, "Altitude": 88.0, "Data de Instalação": "17/10/2007", "Código": "A212" }, "geometry": { "type": "Point", "coordinates": [ -47.495, -2.900556, 0.0 ] } },
{ "type": "Feature", "properties": { "Nome": "PARANA", "UF": "TO", "Situação": "Operante", "Latitude": -12.615, "Longitude": -47.871944, "Altitude": 284.96, "Data de Instalação": "03/03/2005", "Código": "A010" }, "geometry": { "type": "Point", "coordinates": [ -47.871944, -12.615, 0.0 ] } },
{ "type": "Feature", "properties": { "Nome": "PARANAIBA", "UF": "MS", "Situação": "Operante", "Latitude": -19.695556, "Longitude": -51.181667, "Altitude": 408.06, "Data de Instalação": "09/11/2006", "Código": "A710" }, "geometry": { "type": "Point", "coordinates": [ -51.181667, -19.695556, 0.0 ] } },
{ "type": "Feature", "properties": { "Nome": "PARANOA (COOPA-DF)", "UF": "DF", "Situação": "Operante", "Latitude": -16.012222, "Longitude": -47.5575, "Altitude": 1043.0, "Data de Instalação": "06/02/2017", "Código": "A047" }, "geometry": { "type": "Point", "coordinates": [ -47.5575, -16.012222, 0.0 ] } },
{ "type": "Feature", "properties": { "Nome": "PARATY", "UF": "RJ", "Situação": "Operante", "Latitude": -23.223611, "Longitude": -44.726944, "Altitude": 3.0, "Data de Instalação": "18/11/2006", "Código": "A619" }, "geometry": { "type": "Point", "coordinates": [ -44.726944, -23.223611, 0.0 ] } },
{ "type": "Feature", "properties": { "Nome": "PARAUNA", "UF": "GO", "Situação": "Operante", "Latitude": -16.9625, "Longitude": -50.425556, "Altitude": 678.74, "Data de Instalação": "28/03/2008", "Código": "A027" }, "geometry": { "type": "Point", "coordinates": [ -50.425556, -16.9625, 0.0 ] } },
{ "type": "Feature", "properties": { "Nome": "PARINTINS", "UF": "AM", "Situação": "Operante", "Latitude": -2.639167, "Longitude": -56.756111, "Altitude": 18.72, "Data de Instalação": "10/04/2008", "Código": "A123" }, "geometry": { "type": "Point", "coordinates": [ -56.756111, -2.639167, 0.0 ] } },
{ "type": "Feature", "properties": { "Nome": "PARQUE ELDORADO", "UF": "RS", "Situação": "Operante", "Latitude": -30.096667, "Longitude": -51.673889, "Altitude": 50.0, "Data de Instalação": "17/02/2025", "Código": "B810" }, "geometry": { "type": "Point", "coordinates": [ -51.673889, -30.096667, 0.0 ] } },
{ "type": "Feature", "properties": { "Nome": "PASSOS", "UF": "MG", "Situação": "Operante", "Latitude": -20.745278, "Longitude": -46.633889, "Altitude": 781.7, "Data de Instalação": "15/07/2006", "Código": "A516" }, "geometry": { "type": "Point", "coordinates": [ -46.633889, -20.745278, 0.0 ] } },
{ "type": "Feature", "properties": { "Nome": "PATOS", "UF": "PB", "Situação": "Operante", "Latitude": -7.079722, "Longitude": -37.272778, "Altitude": 263.66, "Data de Instalação": "20/07/2007", "Código": "A321" }, "geometry": { "type": "Point", "coordinates": [ -37.272778, -7.079722, 0.0 ] } },
{ "type": "Feature", "properties": { "Nome": "PATROCINIO", "UF": "MG", "Situação": "Operante", "Latitude": -18.996667, "Longitude": -46.985833, "Altitude": 978.11, "Data de Instalação": "21/08/2006", "Código": "A523" }, "geometry": { "type": "Point", "coordinates": [ -46.985833, -18.996667, 0.0 ] } },
{ "type": "Feature", "properties": { "Nome": "PATY DO ALFERES - AVELAR", "UF": "RJ", "Situação": "Operante", "Latitude": -22.347222, "Longitude": -43.417778, "Altitude": 508.0, "Data de Instalação": "09/11/2022", "Código": "A637" }, "geometry": { "type": "Point", "coordinates": [ -43.417778, -22.347222, 0.0 ] } },
{ "type": "Feature", "properties": { "Nome": "PAULISTANA", "UF": "PI", "Situação": "Operante", "Latitude": -8.132222, "Longitude": -41.143056, "Altitude": 376.0, "Data de Instalação": "30/08/2007", "Código": "A330" }, "geometry": { "type": "Point", "coordinates": [ -41.143056, -8.132222, 0.0 ] } },
{ "type": "Feature", "properties": { "Nome": "PEIXE", "UF": "TO", "Situação": "Operante", "Latitude": -12.015278, "Longitude": -48.544444, "Altitude": 250.87, "Data de Instalação": "30/11/2006", "Código": "A018" }, "geometry": { "type": "Point", "coordinates": [ -48.544444, -12.015278, 0.0 ] } },
{ "type": "Feature", "properties": { "Nome": "PICO DO COUTO", "UF": "RJ", "Situação": "Operante", "Latitude": -22.464722, "Longitude": -43.291389, "Altitude": 1777.0, "Data de Instalação": "21/10/2006", "Código": "A610" }, "geometry": { "type": "Point", "coordinates": [ -43.291389, -22.464722, 0.0 ] } },
{ "type": "Feature", "properties": { "Nome": "PICOS", "UF": "PI", "Situação": "Operante", "Latitude": -7.071111, "Longitude": -41.404167, "Altitude": 232.91, "Data de Instalação": "11/12/2008", "Código": "A343" }, "geometry": { "type": "Point", "coordinates": [ -41.404167, -7.071111, 0.0 ] } },
{ "type": "Feature", "properties": { "Nome": "PINHEIRO MACHADO", "UF": "RS", "Situação": "Operante", "Latitude": -31.574722, "Longitude": -53.388333, "Altitude": 419.0, "Data de Instalação": "16/09/2025", "Código": "B823" }, "geometry": { "type": "Point", "coordinates": [ -53.388333, -31.574722, 0.0 ] } },
{ "type": "Feature", "properties": { "Nome": "PIRACICABA", "UF": "SP", "Situação": "Operante", "Latitude": -22.703056, "Longitude": -47.623333, "Altitude": 566.46, "Data de Instalação": "25/09/2006", "Código": "A726" }, "geometry": { "type": "Point", "coordinates": [ -47.623333, -22.703056, 0.0 ] } },
{ "type": "Feature", "properties": { "Nome": "PIRANHAS", "UF": "AL", "Situação": "Operante", "Latitude": -9.622222, "Longitude": -37.767222, "Altitude": 187.0, "Data de Instalação": "19/09/2017", "Código": "A371" }, "geometry": { "type": "Point", "coordinates": [ -37.767222, -9.622222, 0.0 ] } },
{ "type": "Feature", "properties": { "Nome": "PIRAPORA", "UF": "MG", "Situação": "Operante", "Latitude": -17.258064, "Longitude": -44.835556, "Altitude": 505.32, "Data de Instalação": "03/07/2007", "Código": "A545" }, "geometry": { "type": "Point", "coordinates": [ -44.835556, -17.258064, 0.0 ] } },
{ "type": "Feature", "properties": { "Nome": "PIRES DO RIO", "UF": "GO", "Situação": "Operante", "Latitude": -17.304167, "Longitude": -48.284167, "Altitude": 757.27, "Data de Instalação": "11/10/2007", "Código": "A033" }, "geometry": { "type": "Point", "coordinates": [ -48.284167, -17.304167, 0.0 ] } },
{ "type": "Feature", "properties": { "Nome": "PLANALTO", "UF": "PR", "Situação": "Operante", "Latitude": -25.721944, "Longitude": -53.748056, "Altitude": 399.1, "Data de Instalação": "06/11/2007", "Código": "A855" }, "geometry": { "type": "Point", "coordinates": [ -53.748056, -25.721944, 0.0 ] } },
{ "type": "Feature", "properties": { "Nome": "POCONE", "UF": "MT", "Situação": "Operante", "Latitude": -17.336667, "Longitude": -56.77, "Altitude": 100.0, "Data de Instalação": "23/04/2026", "Código": "A966" }, "geometry": { "type": "Point", "coordinates": [ -56.77, -17.336667, 0.0 ] } },
{ "type": "Feature", "properties": { "Nome": "POMPEU", "UF": "MG", "Situação": "Operante", "Latitude": -19.2325, "Longitude": -44.964167, "Altitude": 705.0, "Data de Instalação": "20/08/2015", "Código": "A560" }, "geometry": { "type": "Point", "coordinates": [ -44.964167, -19.2325, 0.0 ] } },
{ "type": "Feature", "properties": { "Nome": "PONTA PORA", "UF": "MS", "Situação": "Operante", "Latitude": -22.5525, "Longitude": -55.716389, "Altitude": 668.0, "Data de Instalação": "06/09/2001", "Código": "A703" }, "geometry": { "type": "Point", "coordinates": [ -55.716389, -22.5525, 0.0 ] } },
{ "type": "Feature", "properties": { "Nome": "PONTES E LACERDA", "UF": "MT", "Situação": "Operante", "Latitude": -15.325278, "Longitude": -59.233611, "Altitude": 272.53, "Data de Instalação": "29/01/2008", "Código": "A937" }, "geometry": { "type": "Point", "coordinates": [ -59.233611, -15.325278, 0.0 ] } },
{ "type": "Feature", "properties": { "Nome": "PORANGATU", "UF": "GO", "Situação": "Operante", "Latitude": -13.309444, "Longitude": -49.1175, "Altitude": 365.0, "Data de Instalação": "03/06/2001", "Código": "A005" }, "geometry": { "type": "Point", "coordinates": [ -49.1175, -13.309444, 0.0 ] } },
{ "type": "Feature", "properties": { "Nome": "PORTO ALEGRE - BELEM NOVO", "UF": "RS", "Situação": "Operante", "Latitude": -30.186111, "Longitude": -51.178333, "Altitude": 3.3, "Data de Instalação": "30/04/2025", "Código": "B825" }, "geometry": { "type": "Point", "coordinates": [ -51.178333, -30.186111, 0.0 ] } },
{ "type": "Feature", "properties": { "Nome": "PORTO ALEGRE - JARDIM BOTANICO", "UF": "RS", "Situação": "Operante", "Latitude": -30.053611, "Longitude": -51.174722, "Altitude": 41.18, "Data de Instalação": "21/09/2000", "Código": "A801" }, "geometry": { "type": "Point", "coordinates": [ -51.174722, -30.053611, 0.0 ] } },
{ "type": "Feature", "properties": { "Nome": "PORTO DE MOZ", "UF": "PA", "Situação": "Operante", "Latitude": -1.821944, "Longitude": -52.111667, "Altitude": 19.0, "Data de Instalação": "06/04/2022", "Código": "A245" }, "geometry": { "type": "Point", "coordinates": [ -52.111667, -1.821944, 0.0 ] } },
{ "type": "Feature", "properties": { "Nome": "PORTO ESPERIDIAO", "UF": "MT", "Situação": "Operante", "Latitude": -15.860833, "Longitude": -58.472222, "Altitude": 159.0, "Data de Instalação": "06/02/2026", "Código": "A960" }, "geometry": { "type": "Point", "coordinates": [ -58.472222, -15.860833, 0.0 ] } },
{ "type": "Feature", "properties": { "Nome": "PORTO ESTRELA", "UF": "MT", "Situação": "Operante", "Latitude": -15.324722, "Longitude": -57.225833, "Altitude": 147.75, "Data de Instalação": "29/05/2008", "Código": "A935" }, "geometry": { "type": "Point", "coordinates": [ -57.225833, -15.324722, 0.0 ] } },
{ "type": "Feature", "properties": { "Nome": "PORTO GRANDE", "UF": "AP", "Situação": "Operante", "Latitude": 0.694167, "Longitude": -51.403889, "Altitude": 84.8, "Data de Instalação": "16/09/2008", "Código": "A244" }, "geometry": { "type": "Point", "coordinates": [ -51.403889, 0.694167, 0.0 ] } },
{ "type": "Feature", "properties": { "Nome": "PORTO MURTINHO", "UF": "MS", "Situação": "Operante", "Latitude": -21.705833, "Longitude": -57.886667, "Altitude": 78.56, "Data de Instalação": "23/10/2006", "Código": "A723" }, "geometry": { "type": "Point", "coordinates": [ -57.886667, -21.705833, 0.0 ] } },
{ "type": "Feature", "properties": { "Nome": "PORTO VELHO", "UF": "RO", "Situação": "Operante", "Latitude": -8.793611, "Longitude": -63.845833, "Altitude": 86.7, "Data de Instalação": "10/07/2007", "Código": "A925" }, "geometry": { "type": "Point", "coordinates": [ -63.845833, -8.793611, 0.0 ] } },
{ "type": "Feature", "properties": { "Nome": "PORTO XAVIER", "UF": "RS", "Situação": "Operante", "Latitude": -27.902778, "Longitude": -55.167222, "Altitude": 0.0, "Data de Instalação": "12/10/2025", "Código": "B837" }, "geometry": { "type": "Point", "coordinates": [ -55.167222, -27.902778, 0.0 ] } },
{ "type": "Feature", "properties": { "Nome": "POSSE", "UF": "GO", "Situação": "Operante", "Latitude": -14.089167, "Longitude": -46.366389, "Altitude": 830.0, "Data de Instalação": "17/04/2007", "Código": "A017" }, "geometry": { "type": "Point", "coordinates": [ -46.366389, -14.089167, 0.0 ] } },
{ "type": "Feature", "properties": { "Nome": "PRADOPOLIS", "UF": "SP", "Situação": "Operante", "Latitude": -21.338333, "Longitude": -48.113889, "Altitude": 544.0, "Data de Instalação": "21/04/2008", "Código": "A747" }, "geometry": { "type": "Point", "coordinates": [ -48.113889, -21.338333, 0.0 ] } },
{ "type": "Feature", "properties": { "Nome": "PRESIDENTE KENNEDY", "UF": "ES", "Situação": "Operante", "Latitude": -21.100833, "Longitude": -41.039444, "Altitude": 69.12, "Data de Instalação": "17/06/2008", "Código": "A622" }, "geometry": { "type": "Point", "coordinates": [ -41.039444, -21.100833, 0.0 ] } },
{ "type": "Feature", "properties": { "Nome": "PRESIDENTE PRUDENTE", "UF": "SP", "Situação": "Operante", "Latitude": -22.12, "Longitude": -51.408611, "Altitude": 431.92, "Data de Instalação": "03/02/2003", "Código": "A707" }, "geometry": { "type": "Point", "coordinates": [ -51.408611, -22.12, 0.0 ] } },
{ "type": "Feature", "properties": { "Nome": "PRIMAVERA DO LESTE", "UF": "MT", "Situação": "Operante", "Latitude": -15.58, "Longitude": -54.381111, "Altitude": 680.0, "Data de Instalação": "25/10/2017", "Código": "A923" }, "geometry": { "type": "Point", "coordinates": [ -54.381111, -15.58, 0.0 ] } },
{ "type": "Feature", "properties": { "Nome": "QUARAI", "UF": "RS", "Situação": "Operante", "Latitude": -30.368611, "Longitude": -56.437222, "Altitude": 103.0, "Data de Instalação": "16/10/2007", "Código": "A831" }, "geometry": { "type": "Point", "coordinates": [ -56.437222, -30.368611, 0.0 ] } },
{ "type": "Feature", "properties": { "Nome": "QUERENCIA", "UF": "MT", "Situação": "Operante", "Latitude": -12.603056, "Longitude": -52.1625, "Altitude": 355.0, "Data de Instalação": "17/07/2007", "Código": "A916" }, "geometry": { "type": "Point", "coordinates": [ -52.1625, -12.603056, 0.0 ] } },
{ "type": "Feature", "properties": { "Nome": "RANCHARIA", "UF": "SP", "Situação": "Operante", "Latitude": -22.372778, "Longitude": -50.974722, "Altitude": 398.75, "Data de Instalação": "31/08/2006", "Código": "A718" }, "geometry": { "type": "Point", "coordinates": [ -50.974722, -22.372778, 0.0 ] } },
{ "type": "Feature", "properties": { "Nome": "RANCHO QUEIMADO", "UF": "SC", "Situação": "Operante", "Latitude": -27.678611, "Longitude": -49.041944, "Altitude": 881.0, "Data de Instalação": "30/05/2016", "Código": "A870" }, "geometry": { "type": "Point", "coordinates": [ -49.041944, -27.678611, 0.0 ] } },
{ "type": "Feature", "properties": { "Nome": "RECIFE", "UF": "PE", "Situação": "Operante", "Latitude": -8.018889, "Longitude": -34.944167, "Altitude": 10.0, "Data de Instalação": "21/12/2004", "Código": "A301" }, "geometry": { "type": "Point", "coordinates": [ -34.944167, -8.018889, 0.0 ] } },
{ "type": "Feature", "properties": { "Nome": "REDENCAO", "UF": "PA", "Situação": "Operante", "Latitude": -8.043333, "Longitude": -50.006944, "Altitude": 199.0, "Data de Instalação": "10/07/2019", "Código": "A254" }, "geometry": { "type": "Point", "coordinates": [ -50.006944, -8.043333, 0.0 ] } },
{ "type": "Feature", "properties": { "Nome": "REGISTRO", "UF": "SP", "Situação": "Operante", "Latitude": -24.533056, "Longitude": -47.864167, "Altitude": 35.0, "Data de Instalação": "08/02/2017", "Código": "A766" }, "geometry": { "type": "Point", "coordinates": [ -47.864167, -24.533056, 0.0 ] } },
{ "type": "Feature", "properties": { "Nome": "RELVADO", "UF": "RS", "Situação": "Operante", "Latitude": -29.104444, "Longitude": -52.052778, "Altitude": 301.0, "Data de Instalação": "23/02/2026", "Código": "B860" }, "geometry": { "type": "Point", "coordinates": [ -52.052778, -29.104444, 0.0 ] } },
{ "type": "Feature", "properties": { "Nome": "RIBEIRA DO AMPARO", "UF": "BA", "Situação": "Operante", "Latitude": -11.058611, "Longitude": -38.444167, "Altitude": 182.0, "Data de Instalação": "19/09/2018", "Código": "A458" }, "geometry": { "type": "Point", "coordinates": [ -38.444167, -11.058611, 0.0 ] } },
{ "type": "Feature", "properties": { "Nome": "RIO BRANCO", "UF": "AC", "Situação": "Operante", "Latitude": -9.959167, "Longitude": -67.868889, "Altitude": 163.0, "Data de Instalação": "10/07/2008", "Código": "A104" }, "geometry": { "type": "Point", "coordinates": [ -67.868889, -9.959167, 0.0 ] } },
{ "type": "Feature", "properties": { "Nome": "RIO BRILHANTE", "UF": "MS", "Situação": "Operante", "Latitude": -21.775, "Longitude": -54.528056, "Altitude": 324.31, "Data de Instalação": "25/06/2008", "Código": "A743" }, "geometry": { "type": "Point", "coordinates": [ -54.528056, -21.775, 0.0 ] } },
{ "type": "Feature", "properties": { "Nome": "RIO CLARO", "UF": "RJ", "Situação": "Operante", "Latitude": -22.653579, "Longitude": -44.040916, "Altitude": 516.0, "Data de Instalação": "02/06/2016", "Código": "A626" }, "geometry": { "type": "Point", "coordinates": [ -44.040916, -22.653579, 0.0 ] } },
{ "type": "Feature", "properties": { "Nome": "RIO DE JANEIRO - JACAREPAGUA", "UF": "RJ", "Situação": "Operante", "Latitude": -22.94, "Longitude": -43.402778, "Altitude": 20.0, "Data de Instalação": "09/08/2017", "Código": "A636" }, "geometry": { "type": "Point", "coordinates": [ -43.402778, -22.94, 0.0 ] } },
{ "type": "Feature", "properties": { "Nome": "RIO DE JANEIRO - VILA MILITAR", "UF": "RJ", "Situação": "Operante", "Latitude": -22.861389, "Longitude": -43.411389, "Altitude": 30.43, "Data de Instalação": "12/04/2007", "Código": "A621" }, "geometry": { "type": "Point", "coordinates": [ -43.411389, -22.861389, 0.0 ] } },
{ "type": "Feature", "properties": { "Nome": "RIO DE JANEIRO-MARAMBAIA", "UF": "RJ", "Situação": "Operante", "Latitude": -23.050278, "Longitude": -43.595556, "Altitude": 12.0, "Data de Instalação": "07/11/2002", "Código": "A602" }, "geometry": { "type": "Point", "coordinates": [ -43.595556, -23.050278, 0.0 ] } },
{ "type": "Feature", "properties": { "Nome": "RIO DO CAMPO", "UF": "SC", "Situação": "Operante", "Latitude": -26.9375, "Longitude": -50.145556, "Altitude": 591.67, "Data de Instalação": "09/03/2008", "Código": "A861" }, "geometry": { "type": "Point", "coordinates": [ -50.145556, -26.9375, 0.0 ] } },
{ "type": "Feature", "properties": { "Nome": "RIO GRANDE", "UF": "RS", "Situação": "Operante", "Latitude": -32.078889, "Longitude": -52.167778, "Altitude": 4.92, "Data de Instalação": "15/11/2001", "Código": "A802" }, "geometry": { "type": "Point", "coordinates": [ -52.167778, -32.078889, 0.0 ] } },
{ "type": "Feature", "properties": { "Nome": "RIO NEGRINHO", "UF": "SC", "Situação": "Operante", "Latitude": -26.248611, "Longitude": -49.574167, "Altitude": 856.0, "Data de Instalação": "21/03/2008", "Código": "A862" }, "geometry": { "type": "Point", "coordinates": [ -49.574167, -26.248611, 0.0 ] } },
{ "type": "Feature", "properties": { "Nome": "RIO PARDO", "UF": "RS", "Situação": "Operante", "Latitude": -29.872222, "Longitude": -52.381944, "Altitude": 106.99, "Data de Instalação": "29/09/2006", "Código": "A813" }, "geometry": { "type": "Point", "coordinates": [ -52.381944, -29.872222, 0.0 ] } },
{ "type": "Feature", "properties": { "Nome": "RIO PARDO DE MINAS", "UF": "MG", "Situação": "Operante", "Latitude": -15.723056, "Longitude": -42.435833, "Altitude": 850.06, "Data de Instalação": "16/11/2007", "Código": "A551" }, "geometry": { "type": "Point", "coordinates": [ -42.435833, -15.723056, 0.0 ] } },
{ "type": "Feature", "properties": { "Nome": "RIO SONO", "UF": "TO", "Situação": "Operante", "Latitude": -9.793363, "Longitude": -47.132732, "Altitude": 291.0, "Data de Instalação": "02/08/2016", "Código": "A050" }, "geometry": { "type": "Point", "coordinates": [ -47.132732, -9.793363, 0.0 ] } },
{ "type": "Feature", "properties": { "Nome": "RIO VERDE", "UF": "GO", "Situação": "Operante", "Latitude": -17.785278, "Longitude": -50.965, "Altitude": 780.11, "Data de Instalação": "16/05/2007", "Código": "A025" }, "geometry": { "type": "Point", "coordinates": [ -50.965, -17.785278, 0.0 ] } },
{ "type": "Feature", "properties": { "Nome": "ROLANTE", "UF": "RS", "Situação": "Operante", "Latitude": -29.655833, "Longitude": -50.618056, "Altitude": 69.0, "Data de Instalação": "17/08/2025", "Código": "B819" }, "geometry": { "type": "Point", "coordinates": [ -50.618056, -29.655833, 0.0 ] } },
{ "type": "Feature", "properties": { "Nome": "RONDONOPOLIS", "UF": "MT", "Situação": "Operante", "Latitude": -16.4625, "Longitude": -54.580278, "Altitude": 289.88, "Data de Instalação": "16/11/2003", "Código": "A907" }, "geometry": { "type": "Point", "coordinates": [ -54.580278, -16.4625, 0.0 ] } },
{ "type": "Feature", "properties": { "Nome": "ROSARIO OESTE", "UF": "MT", "Situação": "Operante", "Latitude": -14.828889, "Longitude": -56.441944, "Altitude": 195.0, "Data de Instalação": "29/05/2019", "Código": "A944" }, "geometry": { "type": "Point", "coordinates": [ -56.441944, -14.828889, 0.0 ] } },
{ "type": "Feature", "properties": { "Nome": "Rosario do Sul", "UF": "RS", "Situação": "Operante", "Latitude": -30.259722, "Longitude": -54.902222, "Altitude": 115.0, "Data de Instalação": "30/03/2026", "Código": "B855" }, "geometry": { "type": "Point", "coordinates": [ -54.902222, -30.259722, 0.0 ] } },
{ "type": "Feature", "properties": { "Nome": "S.J. DO RIO CLARO", "UF": "MT", "Situação": "Operante", "Latitude": -13.453889, "Longitude": -56.677222, "Altitude": 339.59, "Data de Instalação": "24/02/2003", "Código": "A903" }, "geometry": { "type": "Point", "coordinates": [ -56.677222, -13.453889, 0.0 ] } },
{ "type": "Feature", "properties": { "Nome": "SACRAMENTO", "UF": "MG", "Situação": "Operante", "Latitude": -19.875278, "Longitude": -47.434167, "Altitude": 913.12, "Data de Instalação": "18/08/2006", "Código": "A525" }, "geometry": { "type": "Point", "coordinates": [ -47.434167, -19.875278, 0.0 ] } },
{ "type": "Feature", "properties": { "Nome": "SALGUEIRO", "UF": "PE", "Situação": "Operante", "Latitude": -8.058056, "Longitude": -39.096111, "Altitude": 447.0, "Data de Instalação": "14/09/2017", "Código": "A370" }, "geometry": { "type": "Point", "coordinates": [ -39.096111, -8.058056, 0.0 ] } },
{ "type": "Feature", "properties": { "Nome": "SALINAS", "UF": "MG", "Situação": "Operante", "Latitude": -16.160278, "Longitude": -42.310278, "Altitude": 487.14, "Data de Instalação": "13/09/2007", "Código": "A552" }, "geometry": { "type": "Point", "coordinates": [ -42.310278, -16.160278, 0.0 ] } },
{ "type": "Feature", "properties": { "Nome": "SALINOPOLIS", "UF": "PA", "Situação": "Operante", "Latitude": -0.618889, "Longitude": -47.356667, "Altitude": 23.18, "Data de Instalação": "13/06/2008", "Código": "A215" }, "geometry": { "type": "Point", "coordinates": [ -47.356667, -0.618889, 0.0 ] } },
{ "type": "Feature", "properties": { "Nome": "SALTO DO CEU", "UF": "MT", "Situação": "Operante", "Latitude": -15.124722, "Longitude": -58.127222, "Altitude": 300.83, "Data de Instalação": "23/01/2008", "Código": "A936" }, "geometry": { "type": "Point", "coordinates": [ -58.127222, -15.124722, 0.0 ] } },
{ "type": "Feature", "properties": { "Nome": "SALTO DO JACUI", "UF": "RS", "Situação": "Operante", "Latitude": -29.096389, "Longitude": -53.2125, "Altitude": 322.0, "Data de Instalação": "12/10/2025", "Código": "B838" }, "geometry": { "type": "Point", "coordinates": [ -53.2125, -29.096389, 0.0 ] } },
{ "type": "Feature", "properties": { "Nome": "SALVADOR", "UF": "BA", "Situação": "Operante", "Latitude": -13.005556, "Longitude": -38.505833, "Altitude": 47.56, "Data de Instalação": "12/05/2000", "Código": "A401" }, "geometry": { "type": "Point", "coordinates": [ -38.505833, -13.005556, 0.0 ] } },
{ "type": "Feature", "properties": { "Nome": "SALVADOR (RADIO FAROL)", "UF": "BA", "Situação": "Operante", "Latitude": -12.808333, "Longitude": -38.495833, "Altitude": 31.0, "Data de Instalação": "09/03/2018", "Código": "A456" }, "geometry": { "type": "Point", "coordinates": [ -38.495833, -12.808333, 0.0 ] } },
{ "type": "Feature", "properties": { "Nome": "SANTA FE DO ARAGUAIA", "UF": "TO", "Situação": "Operante", "Latitude": -7.124167, "Longitude": -48.781389, "Altitude": 171.0, "Data de Instalação": "29/07/2016", "Código": "A048" }, "geometry": { "type": "Point", "coordinates": [ -48.781389, -7.124167, 0.0 ] } },
{ "type": "Feature", "properties": { "Nome": "SANTA MARIA", "UF": "RS", "Situação": "Operante", "Latitude": -29.725, "Longitude": -53.720556, "Altitude": 105.0, "Data de Instalação": "25/11/2001", "Código": "A803" }, "geometry": { "type": "Point", "coordinates": [ -53.720556, -29.725, 0.0 ] } },
{ "type": "Feature", "properties": { "Nome": "SANTA MARIA DAS BARREIRAS", "UF": "PA", "Situação": "Operante", "Latitude": -8.729722, "Longitude": -49.856389, "Altitude": 165.0, "Data de Instalação": "17/12/2020", "Código": "A256" }, "geometry": { "type": "Point", "coordinates": [ -49.856389, -8.729722, 0.0 ] } },
{ "type": "Feature", "properties": { "Nome": "SANTA MARIA MADALENA", "UF": "RJ", "Situação": "Operante", "Latitude": -21.950556, "Longitude": -42.010278, "Altitude": 586.0, "Data de Instalação": "15/10/2018", "Código": "A630" }, "geometry": { "type": "Point", "coordinates": [ -42.010278, -21.950556, 0.0 ] } },
{ "type": "Feature", "properties": { "Nome": "SANTA RITA DO TRIVELATO", "UF": "MT", "Situação": "Operante", "Latitude": -13.818056, "Longitude": -55.267778, "Altitude": 510.0, "Data de Instalação": "08/12/2025", "Código": "A948" }, "geometry": { "type": "Point", "coordinates": [ -55.267778, -13.818056, 0.0 ] } },
{ "type": "Feature", "properties": { "Nome": "SANTA ROSA DO TOCANTINS", "UF": "TO", "Situação": "Operante", "Latitude": -11.428889, "Longitude": -48.185, "Altitude": 306.0, "Data de Instalação": "13/08/2015", "Código": "A052" }, "geometry": { "type": "Point", "coordinates": [ -48.185, -11.428889, 0.0 ] } },
{ "type": "Feature", "properties": { "Nome": "SANTA TERESA", "UF": "ES", "Situação": "Operante", "Latitude": -19.988333, "Longitude": -40.579444, "Altitude": 975.92, "Data de Instalação": "08/08/2007", "Código": "A613" }, "geometry": { "type": "Point", "coordinates": [ -40.579444, -19.988333, 0.0 ] } },
{ "type": "Feature", "properties": { "Nome": "SANTA VITORIA DO PALMAR (CENTRO)", "UF": "RS", "Situação": "Operante", "Latitude": -33.531667, "Longitude": -53.350278, "Altitude": 29.0, "Data de Instalação": "17/09/2025", "Código": "B830" }, "geometry": { "type": "Point", "coordinates": [ -53.350278, -33.531667, 0.0 ] } },
{ "type": "Feature", "properties": { "Nome": "SANTA VITORIA DO PALMAR (RESERVA DO TAIM)", "UF": "RS", "Situação": "Operante", "Latitude": -32.835833, "Longitude": -52.643611, "Altitude": 2.0, "Data de Instalação": "16/09/2025", "Código": "B829" }, "geometry": { "type": "Point", "coordinates": [ -52.643611, -32.835833, 0.0 ] } },
{ "type": "Feature", "properties": { "Nome": "SANTA VITORIA DO PALMAR - BARRA DO CHUI", "UF": "RS", "Situação": "Operante", "Latitude": -33.742222, "Longitude": -53.372222, "Altitude": 7.41, "Data de Instalação": "07/03/2008", "Código": "A899" }, "geometry": { "type": "Point", "coordinates": [ -53.372222, -33.742222, 0.0 ] } },
{ "type": "Feature", "properties": { "Nome": "SANTANA DA BOA VISTA", "UF": "RS", "Situação": "Operante", "Latitude": -30.858611, "Longitude": -53.155556, "Altitude": 138.0, "Data de Instalação": "16/09/2025", "Código": "B821" }, "geometry": { "type": "Point", "coordinates": [ -53.155556, -30.858611, 0.0 ] } },
{ "type": "Feature", "properties": { "Nome": "SANTANA DO LIVRAMENTO", "UF": "RS", "Situação": "Operante", "Latitude": -30.750556, "Longitude": -55.401389, "Altitude": 196.0, "Data de Instalação": "21/11/2001", "Código": "A804" }, "geometry": { "type": "Point", "coordinates": [ -55.401389, -30.750556, 0.0 ] } },
{ "type": "Feature", "properties": { "Nome": "SANTAREM", "UF": "PA", "Situação": "Operante", "Latitude": -2.5025, "Longitude": -54.720278, "Altitude": 137.0, "Data de Instalação": "01/09/2015", "Código": "A250" }, "geometry": { "type": "Point", "coordinates": [ -54.720278, -2.5025, 0.0 ] } },
{ "type": "Feature", "properties": { "Nome": "SANTIAGO", "UF": "RS", "Situação": "Operante", "Latitude": -29.191667, "Longitude": -54.885556, "Altitude": 390.03, "Data de Instalação": "03/02/2009", "Código": "A833" }, "geometry": { "type": "Point", "coordinates": [ -54.885556, -29.191667, 0.0 ] } },
{ "type": "Feature", "properties": { "Nome": "SANTO ANTONIO DA PATRULHA", "UF": "RS", "Situação": "Operante", "Latitude": -29.816111, "Longitude": -50.533333, "Altitude": 47.0, "Data de Instalação": "12/10/2025", "Código": "B839" }, "geometry": { "type": "Point", "coordinates": [ -50.533333, -29.816111, 0.0 ] } },
{ "type": "Feature", "properties": { "Nome": "SANTO ANTONIO DO LESTE", "UF": "MT", "Situação": "Operante", "Latitude": -14.925, "Longitude": -53.884444, "Altitude": 662.0, "Data de Instalação": "29/05/2008", "Código": "A931" }, "geometry": { "type": "Point", "coordinates": [ -53.884444, -14.925, 0.0 ] } },
{ "type": "Feature", "properties": { "Nome": "SANTO ANTONIO DO LEVERGER", "UF": "MT", "Situação": "Operante", "Latitude": -15.854722, "Longitude": -56.070833, "Altitude": 190.0, "Data de Instalação": "18/03/2026", "Código": "A969" }, "geometry": { "type": "Point", "coordinates": [ -56.070833, -15.854722, 0.0 ] } },
{ "type": "Feature", "properties": { "Nome": "SANTO AUGUSTO", "UF": "RS", "Situação": "Operante", "Latitude": -27.854444, "Longitude": -53.791111, "Altitude": 489.67, "Data de Instalação": "04/12/2001", "Código": "A805" }, "geometry": { "type": "Point", "coordinates": [ -53.791111, -27.854444, 0.0 ] } },
{ "type": "Feature", "properties": { "Nome": "SAO BORJA", "UF": "RS", "Situação": "Operante", "Latitude": -28.65, "Longitude": -56.016389, "Altitude": 79.0, "Data de Instalação": "20/07/2007", "Código": "A830" }, "geometry": { "type": "Point", "coordinates": [ -56.016389, -28.65, 0.0 ] } },
{ "type": "Feature", "properties": { "Nome": "SAO CARLOS", "UF": "SP", "Situação": "Operante", "Latitude": -21.980278, "Longitude": -47.883889, "Altitude": 859.29, "Data de Instalação": "03/09/2006", "Código": "A711" }, "geometry": { "type": "Point", "coordinates": [ -47.883889, -21.980278, 0.0 ] } },
{ "type": "Feature", "properties": { "Nome": "SAO FRANCISCO DE PAULA", "UF": "RS", "Situação": "Operante", "Latitude": -29.442222, "Longitude": -50.560278, "Altitude": 886.0, "Data de Instalação": "17/08/2025", "Código": "B820" }, "geometry": { "type": "Point", "coordinates": [ -50.560278, -29.442222, 0.0 ] } },
{ "type": "Feature", "properties": { "Nome": "SAO GABRIEL", "UF": "RS", "Situação": "Operante", "Latitude": -30.341389, "Longitude": -54.310833, "Altitude": 114.89, "Data de Instalação": "10/07/2007", "Código": "A832" }, "geometry": { "type": "Point", "coordinates": [ -54.310833, -30.341389, 0.0 ] } },
{ "type": "Feature", "properties": { "Nome": "SAO GABRIEL DO OESTE", "UF": "MS", "Situação": "Operante", "Latitude": -19.420278, "Longitude": -54.553056, "Altitude": 646.0, "Data de Instalação": "17/12/2006", "Código": "A732" }, "geometry": { "type": "Point", "coordinates": [ -54.553056, -19.420278, 0.0 ] } },
{ "type": "Feature", "properties": { "Nome": "SAO GONCALO", "UF": "PB", "Situação": "Operante", "Latitude": -6.835833, "Longitude": -38.311667, "Altitude": 237.04, "Data de Instalação": "05/11/2007", "Código": "A333" }, "geometry": { "type": "Point", "coordinates": [ -38.311667, -6.835833, 0.0 ] } },
{ "type": "Feature", "properties": { "Nome": "SAO JOAO DEL REI", "UF": "MG", "Situação": "Operante", "Latitude": -21.106389, "Longitude": -44.250833, "Altitude": 929.88, "Data de Instalação": "08/06/2006", "Código": "A514" }, "geometry": { "type": "Point", "coordinates": [ -44.250833, -21.106389, 0.0 ] } },
{ "type": "Feature", "properties": { "Nome": "SAO JOAO DO PIAUI", "UF": "PI", "Situação": "Operante", "Latitude": -8.364444, "Longitude": -42.2525, "Altitude": 231.0, "Data de Instalação": "25/08/2007", "Código": "A331" }, "geometry": { "type": "Point", "coordinates": [ -42.2525, -8.364444, 0.0 ] } },
{ "type": "Feature", "properties": { "Nome": "SAO JOSE DO OURO", "UF": "RS", "Situação": "Operante", "Latitude": -27.7725, "Longitude": -51.586667, "Altitude": 803.0, "Data de Instalação": "25/02/2026", "Código": "B861" }, "geometry": { "type": "Point", "coordinates": [ -51.586667, -27.7725, 0.0 ] } },
{ "type": "Feature", "properties": { "Nome": "SAO JOSE DOS AUSENTES", "UF": "RS", "Situação": "Operante", "Latitude": -28.748611, "Longitude": -50.057778, "Altitude": 1228.59, "Data de Instalação": "25/10/2006", "Código": "A829" }, "geometry": { "type": "Point", "coordinates": [ -50.057778, -28.748611, 0.0 ] } },
{ "type": "Feature", "properties": { "Nome": "SAO LOURENCO DO SUL", "UF": "RS", "Situação": "Operante", "Latitude": -31.340556, "Longitude": -52.010833, "Altitude": 3.0, "Data de Instalação": "16/09/2025", "Código": "B831" }, "geometry": { "type": "Point", "coordinates": [ -52.010833, -31.340556, 0.0 ] } },
{ "type": "Feature", "properties": { "Nome": "SAO LUIS", "UF": "MA", "Situação": "Operante", "Latitude": -2.526667, "Longitude": -44.213611, "Altitude": 54.8, "Data de Instalação": "28/01/2003", "Código": "A203" }, "geometry": { "type": "Point", "coordinates": [ -44.213611, -2.526667, 0.0 ] } },
{ "type": "Feature", "properties": { "Nome": "SAO LUIZ DO PARAITINGA", "UF": "SP", "Situação": "Operante", "Latitude": -23.228333, "Longitude": -45.416944, "Altitude": 874.0, "Data de Instalação": "31/10/2007", "Código": "A740" }, "geometry": { "type": "Point", "coordinates": [ -45.416944, -23.228333, 0.0 ] } },
{ "type": "Feature", "properties": { "Nome": "SAO MATEUS", "UF": "ES", "Situação": "Operante", "Latitude": -18.676111, "Longitude": -39.864167, "Altitude": 28.66, "Data de Instalação": "24/10/2006", "Código": "A616" }, "geometry": { "type": "Point", "coordinates": [ -39.864167, -18.676111, 0.0 ] } },
{ "type": "Feature", "properties": { "Nome": "SAO MIGUEL ARCANJO", "UF": "SP", "Situação": "Operante", "Latitude": -23.890833, "Longitude": -47.999167, "Altitude": 710.0, "Data de Instalação": "14/08/2006", "Código": "A715" }, "geometry": { "type": "Point", "coordinates": [ -47.999167, -23.890833, 0.0 ] } },
{ "type": "Feature", "properties": { "Nome": "SAO MIGUEL DO ARAGUAIA", "UF": "GO", "Situação": "Operante", "Latitude": -12.820556, "Longitude": -50.335833, "Altitude": 210.0, "Data de Instalação": "28/06/2017", "Código": "A031" }, "geometry": { "type": "Point", "coordinates": [ -50.335833, -12.820556, 0.0 ] } },
{ "type": "Feature", "properties": { "Nome": "SAO PAULO - INTERLAGOS", "UF": "SP", "Situação": "Operante", "Latitude": -23.724444, "Longitude": -46.6775, "Altitude": 771.0, "Data de Instalação": "13/03/2018", "Código": "A771" }, "geometry": { "type": "Point", "coordinates": [ -46.6775, -23.724444, 0.0 ] } },
{ "type": "Feature", "properties": { "Nome": "SAO PAULO - MIRANTE", "UF": "SP", "Situação": "Operante", "Latitude": -23.496289, "Longitude": -46.620067, "Altitude": 785.64, "Data de Instalação": "24/07/2006", "Código": "A701" }, "geometry": { "type": "Point", "coordinates": [ -46.620067, -23.496289, 0.0 ] } },
{ "type": "Feature", "properties": { "Nome": "SAO SIMAO", "UF": "GO", "Situação": "Operante", "Latitude": -18.969167, "Longitude": -50.633333, "Altitude": 492.45, "Data de Instalação": "14/07/2006", "Código": "A011" }, "geometry": { "type": "Point", "coordinates": [ -50.633333, -18.969167, 0.0 ] } },
{ "type": "Feature", "properties": { "Nome": "SAO SIMAO", "UF": "SP", "Situação": "Operante", "Latitude": -21.461111, "Longitude": -47.579444, "Altitude": 620.0, "Data de Instalação": "02/07/2019", "Código": "A770" }, "geometry": { "type": "Point", "coordinates": [ -47.579444, -21.461111, 0.0 ] } },
{ "type": "Feature", "properties": { "Nome": "SAPEZAL", "UF": "MT", "Situação": "Operante", "Latitude": -13.303889, "Longitude": -58.763333, "Altitude": 105.0, "Data de Instalação": "19/10/2017", "Código": "A911" }, "geometry": { "type": "Point", "coordinates": [ -58.763333, -13.303889, 0.0 ] } },
{ "type": "Feature", "properties": { "Nome": "SAPUCAIA DO SUL", "UF": "RS", "Situação": "Operante", "Latitude": -29.813889, "Longitude": -51.156667, "Altitude": 23.0, "Data de Instalação": "30/04/2025", "Código": "B809" }, "geometry": { "type": "Point", "coordinates": [ -51.156667, -29.813889, 0.0 ] } },
{ "type": "Feature", "properties": { "Nome": "SAQUAREMA - SAMPAIO CORREIA", "UF": "RJ", "Situação": "Operante", "Latitude": -22.871111, "Longitude": -42.608889, "Altitude": 26.0, "Data de Instalação": "01/09/2015", "Código": "A667" }, "geometry": { "type": "Point", "coordinates": [ -42.608889, -22.871111, 0.0 ] } },
{ "type": "Feature", "properties": { "Nome": "SENHOR DO BONFIM", "UF": "BA", "Situação": "Operante", "Latitude": -10.443056, "Longitude": -40.148333, "Altitude": 532.09, "Data de Instalação": "26/03/2008", "Código": "A428" }, "geometry": { "type": "Point", "coordinates": [ -40.148333, -10.443056, 0.0 ] } },
{ "type": "Feature", "properties": { "Nome": "SEROPEDICA-ECOLOGIA AGRICOLA", "UF": "RJ", "Situação": "Operante", "Latitude": -22.757778, "Longitude": -43.684722, "Altitude": 35.0, "Data de Instalação": "23/05/2000", "Código": "A601" }, "geometry": { "type": "Point", "coordinates": [ -43.684722, -22.757778, 0.0 ] } },
{ "type": "Feature", "properties": { "Nome": "SERRA DOS AIMORES", "UF": "MG", "Situação": "Operante", "Latitude": -17.798889, "Longitude": -40.25, "Altitude": 211.97, "Data de Instalação": "20/08/2006", "Código": "A522" }, "geometry": { "type": "Point", "coordinates": [ -40.25, -17.798889, 0.0 ] } },
{ "type": "Feature", "properties": { "Nome": "SETE LAGOAS", "UF": "MG", "Situação": "Operante", "Latitude": -19.455278, "Longitude": -44.173333, "Altitude": 719.0, "Data de Instalação": "09/06/2016", "Código": "A569" }, "geometry": { "type": "Point", "coordinates": [ -44.173333, -19.455278, 0.0 ] } },
{ "type": "Feature", "properties": { "Nome": "SETE QUEDAS", "UF": "MS", "Situação": "Operante", "Latitude": -23.966944, "Longitude": -55.024167, "Altitude": 398.4, "Data de Instalação": "02/06/2008", "Código": "A751" }, "geometry": { "type": "Point", "coordinates": [ -55.024167, -23.966944, 0.0 ] } },
{ "type": "Feature", "properties": { "Nome": "SIDROLANDIA", "UF": "MS", "Situação": "Operante", "Latitude": -20.981667, "Longitude": -54.971944, "Altitude": 471.43, "Data de Instalação": "28/09/2008", "Código": "A754" }, "geometry": { "type": "Point", "coordinates": [ -54.971944, -20.981667, 0.0 ] } },
{ "type": "Feature", "properties": { "Nome": "SILVA JARDIM", "UF": "RJ", "Situação": "Operante", "Latitude": -22.645833, "Longitude": -42.415556, "Altitude": 19.0, "Data de Instalação": "27/08/2015", "Código": "A659" }, "geometry": { "type": "Point", "coordinates": [ -42.415556, -22.645833, 0.0 ] } },
{ "type": "Feature", "properties": { "Nome": "SOBRADINHO", "UF": "RS", "Situação": "Operante", "Latitude": -29.398333, "Longitude": -53.013611, "Altitude": 379.0, "Data de Instalação": "30/10/2025", "Código": "B840" }, "geometry": { "type": "Point", "coordinates": [ -53.013611, -29.398333, 0.0 ] } },
{ "type": "Feature", "properties": { "Nome": "SONORA", "UF": "MS", "Situação": "Operante", "Latitude": -17.635278, "Longitude": -54.760556, "Altitude": 495.25, "Data de Instalação": "29/11/2012", "Código": "A761" }, "geometry": { "type": "Point", "coordinates": [ -54.760556, -17.635278, 0.0 ] } },
{ "type": "Feature", "properties": { "Nome": "SORRISO", "UF": "MT", "Situação": "Operante", "Latitude": -12.555, "Longitude": -55.722778, "Altitude": 379.31, "Data de Instalação": "15/12/2002", "Código": "A904" }, "geometry": { "type": "Point", "coordinates": [ -55.722778, -12.555, 0.0 ] } },
{ "type": "Feature", "properties": { "Nome": "SURUBIM", "UF": "PE", "Situação": "Operante", "Latitude": -7.8425, "Longitude": -35.790278, "Altitude": 421.44, "Data de Instalação": "08/03/2008", "Código": "A328" }, "geometry": { "type": "Point", "coordinates": [ -35.790278, -7.8425, 0.0 ] } },
{ "type": "Feature", "properties": { "Nome": "TABAPORA", "UF": "MT", "Situação": "Operante", "Latitude": -11.050556, "Longitude": -56.835833, "Altitude": 337.0, "Data de Instalação": "03/12/2025", "Código": "A952" }, "geometry": { "type": "Point", "coordinates": [ -56.835833, -11.050556, 0.0 ] } },
{ "type": "Feature", "properties": { "Nome": "TANGARA DA SERRA", "UF": "MT", "Situação": "Operante", "Latitude": -14.65, "Longitude": -57.431667, "Altitude": 440.01, "Data de Instalação": "10/12/2002", "Código": "A902" }, "geometry": { "type": "Point", "coordinates": [ -57.431667, -14.65, 0.0 ] } },
{ "type": "Feature", "properties": { "Nome": "TAUBATE", "UF": "SP", "Situação": "Operante", "Latitude": -23.041667, "Longitude": -45.520833, "Altitude": 582.26, "Data de Instalação": "19/12/2006", "Código": "A728" }, "geometry": { "type": "Point", "coordinates": [ -45.520833, -23.041667, 0.0 ] } },
{ "type": "Feature", "properties": { "Nome": "TEOFILO OTONI", "UF": "MG", "Situação": "Operante", "Latitude": -17.892778, "Longitude": -41.515556, "Altitude": 467.17, "Data de Instalação": "24/08/2006", "Código": "A527" }, "geometry": { "type": "Point", "coordinates": [ -41.515556, -17.892778, 0.0 ] } },
{ "type": "Feature", "properties": { "Nome": "TERESINA", "UF": "PI", "Situação": "Operante", "Latitude": -5.034722, "Longitude": -42.801389, "Altitude": 75.23, "Data de Instalação": "23/11/2004", "Código": "A312" }, "geometry": { "type": "Point", "coordinates": [ -42.801389, -5.034722, 0.0 ] } },
{ "type": "Feature", "properties": { "Nome": "TERESOPOLIS-PARQUE NACIONAL", "UF": "RJ", "Situação": "Operante", "Latitude": -22.448611, "Longitude": -42.986944, "Altitude": 981.0, "Data de Instalação": "31/10/2006", "Código": "A618" }, "geometry": { "type": "Point", "coordinates": [ -42.986944, -22.448611, 0.0 ] } },
{ "type": "Feature", "properties": { "Nome": "TEUTONIA", "UF": "RS", "Situação": "Operante", "Latitude": -29.449167, "Longitude": -51.823333, "Altitude": 81.0, "Data de Instalação": "03/10/2012", "Código": "A882" }, "geometry": { "type": "Point", "coordinates": [ -51.823333, -29.449167, 0.0 ] } },
{ "type": "Feature", "properties": { "Nome": "TIANGUA", "UF": "CE", "Situação": "Operante", "Latitude": -3.732222, "Longitude": -41.011944, "Altitude": 756.0, "Data de Instalação": "14/03/2018", "Código": "A368" }, "geometry": { "type": "Point", "coordinates": [ -41.011944, -3.732222, 0.0 ] } },
{ "type": "Feature", "properties": { "Nome": "TIMOTEO", "UF": "MG", "Situação": "Operante", "Latitude": -19.573889, "Longitude": -42.6225, "Altitude": 493.42, "Data de Instalação": "21/02/2006", "Código": "A511" }, "geometry": { "type": "Point", "coordinates": [ -42.6225, -19.573889, 0.0 ] } },
{ "type": "Feature", "properties": { "Nome": "TOME ACU", "UF": "PA", "Situação": "Operante", "Latitude": -2.5925, "Longitude": -48.360556, "Altitude": 42.95, "Data de Instalação": "13/10/2007", "Código": "A213" }, "geometry": { "type": "Point", "coordinates": [ -48.360556, -2.5925, 0.0 ] } },
{ "type": "Feature", "properties": { "Nome": "TRAMANDAI", "UF": "RS", "Situação": "Operante", "Latitude": -30.010278, "Longitude": -50.135833, "Altitude": 4.56, "Data de Instalação": "08/03/2008", "Código": "A834" }, "geometry": { "type": "Point", "coordinates": [ -50.135833, -30.010278, 0.0 ] } },
{ "type": "Feature", "properties": { "Nome": "TRES LAGOAS", "UF": "MS", "Situação": "Operante", "Latitude": -20.795, "Longitude": -51.713333, "Altitude": 328.94, "Data de Instalação": "02/09/2001", "Código": "A704" }, "geometry": { "type": "Point", "coordinates": [ -51.713333, -20.795, 0.0 ] } },
{ "type": "Feature", "properties": { "Nome": "TRES MARIAS", "UF": "MG", "Situação": "Operante", "Latitude": -18.200833, "Longitude": -45.459722, "Altitude": 931.01, "Data de Instalação": "24/08/2006", "Código": "A528" }, "geometry": { "type": "Point", "coordinates": [ -45.459722, -18.200833, 0.0 ] } },
{ "type": "Feature", "properties": { "Nome": "TRES RIOS", "UF": "RJ", "Situação": "Operante", "Latitude": -22.098333, "Longitude": -43.208333, "Altitude": 295.0, "Data de Instalação": "07/06/2016", "Código": "A625" }, "geometry": { "type": "Point", "coordinates": [ -43.208333, -22.098333, 0.0 ] } },
{ "type": "Feature", "properties": { "Nome": "TUCUMA", "UF": "PA", "Situação": "Operante", "Latitude": -6.743333, "Longitude": -51.141944, "Altitude": 320.93, "Data de Instalação": "17/07/2008", "Código": "A234" }, "geometry": { "type": "Point", "coordinates": [ -51.141944, -6.743333, 0.0 ] } },
{ "type": "Feature", "properties": { "Nome": "TUCURUI", "UF": "PA", "Situação": "Operante", "Latitude": -3.822778, "Longitude": -49.675, "Altitude": 137.94, "Data de Instalação": "29/02/2008", "Código": "A229" }, "geometry": { "type": "Point", "coordinates": [ -49.675, -3.822778, 0.0 ] } },
{ "type": "Feature", "properties": { "Nome": "TUPA", "UF": "SP", "Situação": "Operante", "Latitude": -21.927222, "Longitude": -50.490278, "Altitude": 498.0, "Data de Instalação": "11/05/2017", "Código": "A768" }, "geometry": { "type": "Point", "coordinates": [ -50.490278, -21.927222, 0.0 ] } },
{ "type": "Feature", "properties": { "Nome": "TUPANCIRETA", "UF": "RS", "Situação": "Operante", "Latitude": -29.089444, "Longitude": -53.826667, "Altitude": 462.0, "Data de Instalação": "10/08/2016", "Código": "A886" }, "geometry": { "type": "Point", "coordinates": [ -53.826667, -29.089444, 0.0 ] } },
{ "type": "Feature", "properties": { "Nome": "TURIACU", "UF": "MA", "Situação": "Operante", "Latitude": -1.661111, "Longitude": -45.3725, "Altitude": 35.86, "Data de Instalação": "09/06/2008", "Código": "A219" }, "geometry": { "type": "Point", "coordinates": [ -45.3725, -1.661111, 0.0 ] } },
{ "type": "Feature", "properties": { "Nome": "UBERABA", "UF": "MG", "Situação": "Operante", "Latitude": -19.71, "Longitude": -47.961944, "Altitude": 778.0, "Data de Instalação": "18/05/2017", "Código": "A568" }, "geometry": { "type": "Point", "coordinates": [ -47.961944, -19.71, 0.0 ] } },
{ "type": "Feature", "properties": { "Nome": "UBERLANDIA", "UF": "MG", "Situação": "Operante", "Latitude": -18.916944, "Longitude": -48.255556, "Altitude": 874.77, "Data de Instalação": "17/12/2002", "Código": "A507" }, "geometry": { "type": "Point", "coordinates": [ -48.255556, -18.916944, 0.0 ] } },
{ "type": "Feature", "properties": { "Nome": "UNAI", "UF": "MG", "Situação": "Operante", "Latitude": -16.554167, "Longitude": -46.881944, "Altitude": 640.85, "Data de Instalação": "15/06/2007", "Código": "A542" }, "geometry": { "type": "Point", "coordinates": [ -46.881944, -16.554167, 0.0 ] } },
{ "type": "Feature", "properties": { "Nome": "URUGUAIANA", "UF": "RS", "Situação": "Operante", "Latitude": -29.84, "Longitude": -57.081944, "Altitude": 74.29, "Data de Instalação": "27/09/2006", "Código": "A809" }, "geometry": { "type": "Point", "coordinates": [ -57.081944, -29.84, 0.0 ] } },
{ "type": "Feature", "properties": { "Nome": "VACARIA", "UF": "RS", "Situação": "Operante", "Latitude": -28.513611, "Longitude": -50.882778, "Altitude": 969.89, "Data de Instalação": "25/04/2008", "Código": "A880" }, "geometry": { "type": "Point", "coordinates": [ -50.882778, -28.513611, 0.0 ] } },
{ "type": "Feature", "properties": { "Nome": "VALENCA", "UF": "RJ", "Situação": "Operante", "Latitude": -22.358056, "Longitude": -43.695556, "Altitude": 370.0, "Data de Instalação": "26/09/2006", "Código": "A611" }, "geometry": { "type": "Point", "coordinates": [ -43.695556, -22.358056, 0.0 ] } },
{ "type": "Feature", "properties": { "Nome": "VALENCA DO PIAUI", "UF": "PI", "Situação": "Operante", "Latitude": -6.423611, "Longitude": -41.748889, "Altitude": 372.0, "Data de Instalação": "17/04/2009", "Código": "A363" }, "geometry": { "type": "Point", "coordinates": [ -41.748889, -6.423611, 0.0 ] } },
{ "type": "Feature", "properties": { "Nome": "VARGINHA", "UF": "MG", "Situação": "Operante", "Latitude": -21.566389, "Longitude": -45.404167, "Altitude": 949.78, "Data de Instalação": "12/07/2006", "Código": "A515" }, "geometry": { "type": "Point", "coordinates": [ -45.404167, -21.566389, 0.0 ] } },
{ "type": "Feature", "properties": { "Nome": "VENDA NOVA DO IMIGRANTE", "UF": "ES", "Situação": "Operante", "Latitude": -20.385556, "Longitude": -41.19, "Altitude": 722.0, "Data de Instalação": "09/02/2017", "Código": "A633" }, "geometry": { "type": "Point", "coordinates": [ -41.19, -20.385556, 0.0 ] } },
{ "type": "Feature", "properties": { "Nome": "VENTANIA", "UF": "PR", "Situação": "Operante", "Latitude": -24.280278, "Longitude": -50.210278, "Altitude": 1093.41, "Data de Instalação": "14/04/2011", "Código": "A872" }, "geometry": { "type": "Point", "coordinates": [ -50.210278, -24.280278, 0.0 ] } },
{ "type": "Feature", "properties": { "Nome": "VIAMAO", "UF": "RS", "Situação": "Operante", "Latitude": -30.115278, "Longitude": -50.929167, "Altitude": 65.0, "Data de Instalação": "16/03/2026", "Código": "B824" }, "geometry": { "type": "Point", "coordinates": [ -50.929167, -30.115278, 0.0 ] } },
{ "type": "Feature", "properties": { "Nome": "VICOSA", "UF": "MG", "Situação": "Operante", "Latitude": -20.7625, "Longitude": -42.863889, "Altitude": 697.64, "Data de Instalação": "14/09/2005", "Código": "A510" }, "geometry": { "type": "Point", "coordinates": [ -42.863889, -20.7625, 0.0 ] } },
{ "type": "Feature", "properties": { "Nome": "VILA VELHA", "UF": "ES", "Situação": "Operante", "Latitude": -20.466944, "Longitude": -40.403889, "Altitude": 25.0, "Data de Instalação": "14/02/2017", "Código": "A634" }, "geometry": { "type": "Point", "coordinates": [ -40.403889, -20.466944, 0.0 ] } },
{ "type": "Feature", "properties": { "Nome": "VILHENA", "UF": "RO", "Situação": "Operante", "Latitude": -12.735, "Longitude": -60.157778, "Altitude": 583.3, "Data de Instalação": "25/08/2008", "Código": "A938" }, "geometry": { "type": "Point", "coordinates": [ -60.157778, -12.735, 0.0 ] } },
{ "type": "Feature", "properties": { "Nome": "VITORIA", "UF": "ES", "Situação": "Operante", "Latitude": -20.270833, "Longitude": -40.305833, "Altitude": 9.0, "Data de Instalação": "30/10/2006", "Código": "A612" }, "geometry": { "type": "Point", "coordinates": [ -40.305833, -20.270833, 0.0 ] } },
{ "type": "Feature", "properties": { "Nome": "VITORIA DA CONQUISTA", "UF": "BA", "Situação": "Operante", "Latitude": -14.886389, "Longitude": -40.801389, "Altitude": 879.38, "Data de Instalação": "31/05/2007", "Código": "A414" }, "geometry": { "type": "Point", "coordinates": [ -40.801389, -14.886389, 0.0 ] } },
{ "type": "Feature", "properties": { "Nome": "ZE DOCA", "UF": "MA", "Situação": "Operante", "Latitude": -3.269167, "Longitude": -45.651111, "Altitude": 45.5, "Data de Instalação": "17/09/2019", "Código": "A255" }, "geometry": { "type": "Point", "coordinates": [ -45.651111, -3.269167, 0.0 ] } }
]
}
